Date,precip_mm,precip_mm_source,ETo_mm,ETo_mm_source,ET_mm_ensemble
2021-01-01,0,KNZ_AWE012,0.4,KNZ_AET01,1.333
2021-01-02,0,KNZ_AWE012,0.8,KNZ_AET01,1.016
2021-01-03,0,KNZ_AWE012,1.2,KNZ_AET01,1.751
2021-01-04,0,KNZ_AWE012,1.5,KNZ_AET01,1.818
2021-01-05,0,KNZ_AWE012,1.7,KNZ_AET01,2.5
2021-01-06,0,KNZ_AWE012,0.5,KNZ_AET01,1.375
2021-01-07,0.5,KNZ_AWE012,0.6,KNZ_AET01,0.625
2021-01-08,0,KNZ_AWE012,0.7,KNZ_AET01,0.965
2021-01-09,0,KNZ_AWE012,0.4,KNZ_AET01,0.75
2021-01-10,0,KNZ_AWE012,0.8,KNZ_AET01,0.64
2021-01-11,0,KNZ_AWE012,1.6,KNZ_AET01,1.875
2021-01-12,0,KNZ_AWE012,1.7,KNZ_AET01,2.258
2021-01-13,0,KNZ_AWE012,1.4,KNZ_AET01,2.251
2021-01-14,0,KNZ_AWE012,2.5,KNZ_AET01,1.857
2021-01-15,0,KNZ_AWE012,1,KNZ_AET01,0.818
2021-01-16,0,KNZ_AWE012,1,KNZ_AET01,0.488
2021-01-17,0,KNZ_AWE012,1.7,KNZ_AET01,0.261
2021-01-18,0,KNZ_AWE012,1.8,KNZ_AET01,0.221
2021-01-19,0,KNZ_AWE012,1.6,KNZ_AET01,0.237
2021-01-20,0,KNZ_AWE012,1.4,KNZ_AET01,0.391
2021-01-21,0,KNZ_AWE012,1.8,KNZ_AET01,0.29
2021-01-22,0,KNZ_AWE012,1.2,KNZ_AET01,0.172
2021-01-23,0,KNZ_AWE012,0,KNZ_AET01,0.225
2021-01-24,0.8,KNZ_AWE012,0.4,KNZ_AET01,0.159
2021-01-25,16.3,KNZ_AWE012,0,KNZ_AET01,0.081
2021-01-26,1.3,KNZ_AWE012,0.3,KNZ_AET01,0.098
2021-01-27,2,KNZ_AWE012,0.6,KNZ_AET01,0.083
2021-01-28,0,KNZ_AWE012,0.7,KNZ_AET01,0.177
2021-01-29,0,KNZ_AWE012,1.4,KNZ_AET01,0.301
2021-01-30,2.8,KNZ_AWE012,0.2,KNZ_AET01,0.31
2021-01-31,0,KNZ_AWE012,0.3,KNZ_AET01,0.19
2021-02-01,0,KNZ_AWE012,0.8,KNZ_AET01,0.211
2021-02-02,0,KNZ_AWE012,1.8,KNZ_AET01,0.379
2021-02-03,0,KNZ_AWE012,2.6,KNZ_AET01,0.598
2021-02-04,0,KNZ_AWE012,1.4,KNZ_AET01,0.221
2021-02-05,0,KNZ_AWE012,1.8,KNZ_AET01,0.304
2021-02-06,0.5,KNZ_AWE012,0.2,KNZ_AET01,0.122
2021-02-07,0.3,KNZ_AWE012,0,KNZ_AET01,0.082
2021-02-08,0,KNZ_AWE012,0,KNZ_AET01,0.125
2021-02-09,0,KNZ_AWE012,0.6,KNZ_AET01,0.15
2021-02-10,0,KNZ_AWE012,0,KNZ_AET01,0.168
2021-02-11,0,KNZ_AWE012,0.4,KNZ_AET01,0.108
2021-02-12,0,KNZ_AWE012,0.1,KNZ_AET01,0.109
2021-02-13,0,KNZ_AWE012,0.6,KNZ_AET01,0.135
2021-02-14,0.8,KNZ_AWE012,0.2,KNZ_AET01,0.081
2021-02-15,1,KNZ_AWE012,0,KNZ_AET01,0.05
2021-02-16,0,KNZ_AWE012,0.8,KNZ_AET01,0.091
2021-02-17,0,KNZ_AWE012,1.1,KNZ_AET01,0.161
2021-02-18,0,KNZ_AWE012,1.3,KNZ_AET01,0.209
2021-02-19,0,KNZ_AWE012,1.5,KNZ_AET01,0.393
2021-02-20,0,KNZ_AWE012,2.4,KNZ_AET01,0.573
2021-02-21,0,KNZ_AWE012,0.9,KNZ_AET01,0.472
2021-02-22,0,KNZ_AWE012,2.7,KNZ_AET01,0.909
2021-02-23,0,KNZ_AWE012,3.1,KNZ_AET01,1.097
2021-02-24,0,KNZ_AWE012,2.1,KNZ_AET01,0.08
2021-02-25,0,KNZ_AWE012,1.1,KNZ_AET01,0.099
2021-02-26,0,KNZ_AWE012,2.5,KNZ_AET01,0.229
2021-02-27,0,KNZ_AWE012,3,KNZ_AET01,0.453
2021-02-28,0,KNZ_AWE012,2.4,KNZ_AET01,1.01
2021-03-01,0,KNZ_AWE012,2.7,KNZ_AET01,1.046
2021-03-02,0,KNZ_AWE012,3.2,KNZ_AET01,0.904
2021-03-03,0,KNZ_AWE012,3.5,KNZ_AET01,0.834
2021-03-04,0,KNZ_AWE012,3.3,KNZ_AET01,0.844
2021-03-05,0,KNZ_AWE012,2.6,KNZ_AET01,0.642
2021-03-06,0,KNZ_AWE012,3.3,KNZ_AET01,0.937
2021-03-07,0,KNZ_AWE012,3.9,KNZ_AET01,1.234
2021-03-08,0,KNZ_AWE012,3.4,KNZ_AET01,1.316
2021-03-09,0,KNZ_AWE012,4.9,KNZ_AET01,1.387
2021-03-10,0,KNZ_AWE012,4.6,KNZ_AET01,1.132
2021-03-11,0,KNZ_AWE012,3.2,KNZ_AET01,0.618
2021-03-12,7.9,KNZ_AWE012,0.1,KNZ_AET01,0.267
2021-03-13,10.7,KNZ_AWE012,0.6,KNZ_AET01,0.209
2021-03-14,4.3,KNZ_AWE012,1.1,KNZ_AET01,0.206
2021-03-15,0,KNZ_AWE012,1.3,KNZ_AET01,0.419
2021-03-16,0,KNZ_AWE012,1.9,KNZ_AET01,0.465
2021-03-17,27.4,KNZ_AWE012,0,KNZ_AET01,0.1
2021-03-18,0,KNZ_AWE012,2.5,KNZ_AET01,0.456
2021-03-19,0,KNZ_AWE012,3.6,KNZ_AET01,0.456
2021-03-20,0,KNZ_AWE012,4.2,KNZ_AET01,0.668
2021-03-21,0,KNZ_AWE012,4.2,KNZ_AET01,0.76
2021-03-22,4.8,KNZ_AWE012,0.9,KNZ_AET01,0.362
2021-03-23,1.3,KNZ_AWE012,2.5,KNZ_AET01,0.254
2021-03-24,0.3,KNZ_AWE012,1.2,KNZ_AET01,0.367
2021-03-25,0.5,KNZ_AWE012,0.5,KNZ_AET01,0.161
2021-03-26,21.8,KNZ_AWE012,2.1,KNZ_AET01,0.44
2021-03-27,1,KNZ_AWE012,2,KNZ_AET01,0.395
2021-03-28,0,KNZ_AWE012,4.1,KNZ_AET01,0.593
2021-03-29,0,KNZ_AWE012,4.7,KNZ_AET01,1.261
2021-03-30,0,KNZ_AWE012,3.7,KNZ_AET01,0.602
2021-03-31,0,KNZ_AWE012,3.4,KNZ_AET01,0.597
2021-04-01,0,KNZ_AWE012,3.6,KNZ_AET01,0.694
2021-04-02,0,KNZ_AWE012,4.5,KNZ_AET01,1.309
2021-04-03,0,KNZ_AWE012,4.5,KNZ_AET01,1.129
2021-04-04,0,KNZ_AWE012,5.5,KNZ_AET01,1.371
2021-04-05,0,KNZ_AWE012,5.9,KNZ_AET01,1.376
2021-04-06,6.9,KNZ_AWE012,2.3,KNZ_AET01,0.742
2021-04-07,9.9,KNZ_AWE012,1.3,KNZ_AET01,0.293
2021-04-08,12.2,KNZ_AWE012,2.8,KNZ_AET01,1.03
2021-04-09,7.1,KNZ_AWE012,3.8,KNZ_AET01,0.866
2021-04-10,1,KNZ_AWE012,3.8,KNZ_AET01,0.927
2021-04-11,0,KNZ_AWE012,5.4,KNZ_AET01,1.222
2021-04-12,0,KNZ_AWE012,1.8,KNZ_AET01,1.033
2021-04-13,0,KNZ_AWE012,3.7,KNZ_AET01,1.027
2021-04-14,0,KNZ_AWE012,3.8,KNZ_AET01,0.967
2021-04-15,0,KNZ_AWE012,3.5,KNZ_AET01,0.819
2021-04-16,8.6,KNZ_AWE012,0.3,KNZ_AET01,0.352
2021-04-17,0,KNZ_AWE012,1.2,KNZ_AET01,0.663
2021-04-18,0,KNZ_AWE012,3.6,KNZ_AET01,1.044
2021-04-19,0,KNZ_AWE012,3.1,KNZ_AET01,0.724
2021-04-20,6.4,KNZ_AWE012,2.8,KNZ_AET01,0.805
2021-04-21,0,KNZ_AWE012,3.6,KNZ_AET01,0.818
2021-04-22,0.8,KNZ_AWE012,2.9,KNZ_AET01,0.886
2021-04-23,1.3,KNZ_AWE012,0.2,KNZ_AET01,0.555
2021-04-24,0,KNZ_AWE012,4.5,KNZ_AET01,1.166
2021-04-25,0,KNZ_AWE012,5.6,KNZ_AET01,1.701
2021-04-26,0,KNZ_AWE012,6.6,KNZ_AET01,2.19
2021-04-27,0,KNZ_AWE012,4.4,KNZ_AET01,1.526
2021-04-28,1,KNZ_AWE012,2.1,KNZ_AET01,0.859
2021-04-29,0,KNZ_AWE012,5.5,KNZ_AET01,1.542
2021-04-30,0,KNZ_AWE012,6.1,KNZ_AET01,1.691
2021-05-01,0,KNZ_AWE012,6.8,KNZ_AET01,1.936
2021-05-02,0,KNZ_AWE012,3.2,KNZ_AET01,1.34
2021-05-03,0.5,KNZ_AWE012,4.9,KNZ_AET01,0.934
2021-05-04,1,KNZ_AWE012,4.9,KNZ_AET01,1.425
2021-05-05,0,KNZ_AWE012,3.4,KNZ_AET01,1.417
2021-05-06,0,KNZ_AWE012,4.8,KNZ_AET01,1.756
2021-05-07,0,KNZ_AWE012,2.4,KNZ_AET01,1.638
2021-05-08,15,KNZ_AWE012,5.5,KNZ_AET01,2.307
2021-05-09,6.9,KNZ_AWE012,1.1,KNZ_AET01,0.744
2021-05-10,0,KNZ_AWE012,2.4,KNZ_AET01,1.361
2021-05-11,0,KNZ_AWE012,1.7,KNZ_AET01,1.206
2021-05-12,0,KNZ_AWE012,4.1,KNZ_AET01,1.675
2021-05-13,0,KNZ_AWE012,5.7,KNZ_AET01,2.312
2021-05-14,4.1,KNZ_AWE012,4.4,KNZ_AET01,2.687
2021-05-15,2.3,KNZ_AWE012,3.8,KNZ_AET01,2.233
2021-05-16,96.5,KNZ_AWE012,1.3,KNZ_AET01,1.229
2021-05-17,0,KNZ_AWE012,1.8,KNZ_AET01,2.031
2021-05-18,12.4,KNZ_AWE012,3.5,KNZ_AET01,2.666
2021-05-19,0.8,KNZ_AWE012,2.5,KNZ_AET01,1.987
2021-05-20,2.8,KNZ_AWE012,1.9,KNZ_AET01,1.891
2021-05-21,0.3,KNZ_AWE012,5.9,KNZ_AET01,3.288
2021-05-22,1.3,KNZ_AWE012,3.4,KNZ_AET01,2.323
2021-05-23,0,KNZ_AWE012,3.2,KNZ_AET01,2.669
2021-05-24,0,KNZ_AWE012,3.2,KNZ_AET01,3.26
2021-05-25,0.3,KNZ_AWE012,4.7,KNZ_AET01,2.975
2021-05-26,0.3,KNZ_AWE012,5.3,KNZ_AET01,4.157
2021-05-27,22.1,KNZ_AWE012,4.7,KNZ_AET01,2.225
2021-05-28,0,KNZ_AWE012,2.7,KNZ_AET01,2.655
2021-05-29,0,KNZ_AWE012,3,KNZ_AET01,2.89
2021-05-30,0.3,KNZ_AWE012,1.6,KNZ_AET01,1.561
2021-05-31,15,KNZ_AWE012,0.7,KNZ_AET01,1.094
2021-06-01,0,KNZ_AWE012,2.7,KNZ_AET01,2.715
2021-06-02,0,KNZ_AWE012,4.5,KNZ_AET01,3.718
2021-06-03,0,KNZ_AWE012,6.1,KNZ_AET01,4.757
2021-06-04,0,KNZ_AWE012,6.1,KNZ_AET01,5.621
2021-06-05,0,KNZ_AWE012,6.6,KNZ_AET01,5.677
2021-06-06,0,KNZ_AWE012,4.1,KNZ_AET01,5.192
2021-06-07,0,KNZ_AWE012,5.8,KNZ_AET01,5.428
2021-06-08,25.1,KNZ_AWE012,5.6,KNZ_AET01,5.512
2021-06-09,0,KNZ_AWE012,5.9,KNZ_AET01,5.81
2021-06-10,0,KNZ_AWE012,6,KNZ_AET01,4.874
2021-06-11,2.8,KNZ_AWE012,3.3,KNZ_AET01,3.663
2021-06-12,0,KNZ_AWE012,6.3,KNZ_AET01,4.499
2021-06-13,0,KNZ_AWE012,6.5,KNZ_AET01,4.665
2021-06-14,0,KNZ_AWE012,4.1,KNZ_AET01,4.474
2021-06-15,0,KNZ_AWE012,6.5,KNZ_AET01,4.623
2021-06-16,0,KNZ_AWE012,6.3,KNZ_AET01,5.547
2021-06-17,0,KNZ_AWE012,6.8,KNZ_AET01,6.361
2021-06-18,0,KNZ_AWE012,6.7,KNZ_AET01,5.925
2021-06-19,0,KNZ_AWE012,5.1,KNZ_AET01,4.445
2021-06-20,0.5,KNZ_AWE012,6.5,KNZ_AET01,6.237
2021-06-21,0,KNZ_AWE012,5.1,KNZ_AET01,4.979
2021-06-22,0,KNZ_AWE012,6.6,KNZ_AET01,7.128
2021-06-23,0,KNZ_AWE012,6.8,KNZ_AET01,6.725
2021-06-24,0,KNZ_AWE012,3.7,KNZ_AET01,5.708
2021-06-25,10.9,KNZ_AWE012,3.5,KNZ_AET01,4.801
2021-06-26,2,KNZ_AWE012,3.9,KNZ_AET01,4.33
2021-06-27,0,KNZ_AWE012,4.4,KNZ_AET01,4.309
2021-06-28,0,KNZ_AWE012,4.3,KNZ_AET01,4.369
2021-06-29,0,KNZ_AWE012,2.9,KNZ_AET01,3.797
2021-06-30,1.5,KNZ_AWE012,2.8,KNZ_AET01,2.946
2021-07-01,0,KNZ_AWE012,3.6,KNZ_AET01,4.069
2021-07-02,0,KNZ_AWE012,5.7,KNZ_AET01,4.366
2021-07-03,0,KNZ_AWE012,5.6,KNZ_AET01,5.072
2021-07-04,0,KNZ_AWE012,6.4,KNZ_AET01,5.014
2021-07-05,0,KNZ_AWE012,6.4,KNZ_AET01,4.91
2021-07-06,0,KNZ_AWE012,6.6,KNZ_AET01,5.305
2021-07-07,0.8,KNZ_AWE012,4,KNZ_AET01,3.872
2021-07-08,0,KNZ_AWE012,5.9,KNZ_AET01,5.143
2021-07-09,0,KNZ_AWE012,5,KNZ_AET01,5.612
2021-07-10,19.3,KNZ_AWE012,5.2,KNZ_AET01,3.829
2021-07-11,5.6,KNZ_AWE012,3.6,KNZ_AET01,3.287
2021-07-12,0,KNZ_AWE012,6.1,KNZ_AET01,4.848
2021-07-13,0,KNZ_AWE012,5.7,KNZ_AET01,5.75
2021-07-14,0,KNZ_AWE012,5.5,KNZ_AET01,6.625
2021-07-15,0,KNZ_AWE012,3.2,KNZ_AET01,2.997
2021-07-16,0,KNZ_AWE012,2.9,KNZ_AET01,4.49
2021-07-17,0,KNZ_AWE012,3.7,KNZ_AET01,3.971
2021-07-18,0,KNZ_AWE012,4.7,KNZ_AET01,4.334
2021-07-19,0,KNZ_AWE012,5.4,KNZ_AET01,4.891
2021-07-20,0,KNZ_AWE012,5.2,KNZ_AET01,4.84
2021-07-21,0,KNZ_AWE012,4.9,KNZ_AET01,5.099
2021-07-22,0,KNZ_AWE012,5.9,KNZ_AET01,5.761
2021-07-23,0,KNZ_AWE012,6.3,KNZ_AET01,6.11
2021-07-24,0,KNZ_AWE012,6.2,KNZ_AET01,5.617
2021-07-25,2,KNZ_AWE012,2.4,KNZ_AET01,4.133
2021-07-26,0,KNZ_AWE012,4.8,KNZ_AET01,5.107
2021-07-27,0,KNZ_AWE012,5.8,KNZ_AET01,5.265
2021-07-28,0,KNZ_AWE012,6.3,KNZ_AET01,5.388
2021-07-29,0,KNZ_AWE012,6.2,KNZ_AET01,5.281
2021-07-30,0,KNZ_AWE012,5.4,KNZ_AET01,5.569
2021-07-31,0,KNZ_AWE012,4.8,KNZ_AET01,3.791
2021-08-01,0,KNZ_AWE012,5.1,KNZ_AET01,4.146
2021-08-02,0,KNZ_AWE012,4.8,KNZ_AET01,3.717
2021-08-03,0,KNZ_AWE012,5,KNZ_AET01,3.84
2021-08-04,0,KNZ_AWE012,4.9,KNZ_AET01,4.464
2021-08-05,0,KNZ_AWE012,3.6,KNZ_AET01,4.811
2021-08-06,0,KNZ_AWE012,6,KNZ_AET01,5.648
2021-08-07,0,KNZ_AWE012,5.6,KNZ_AET01,5.271
2021-08-08,0,KNZ_AWE012,4.6,KNZ_AET01,4.028
2021-08-09,0,KNZ_AWE012,5.6,KNZ_AET01,4.737
2021-08-10,0,KNZ_AWE012,4.1,KNZ_AET01,4.021
2021-08-11,0,KNZ_AWE012,6.5,KNZ_AET01,5.862
2021-08-12,0,KNZ_AWE012,5.9,KNZ_AET01,4.822
2021-08-13,4.1,KNZ_AWE012,4.2,KNZ_AET01,2.807
2021-08-14,0,KNZ_AWE012,5,KNZ_AET01,3.607
2021-08-15,0,KNZ_AWE012,4.9,KNZ_AET01,4.003
2021-08-16,0,KNZ_AWE012,4.8,KNZ_AET01,3.879
2021-08-17,0,KNZ_AWE012,5.3,KNZ_AET01,4.062
2021-08-18,0,KNZ_AWE012,5.2,KNZ_AET01,4.123
2021-08-19,0,KNZ_AWE012,4.4,KNZ_AET01,3.524
2021-08-20,0,KNZ_AWE012,4.8,KNZ_AET01,4.05
2021-08-21,0,KNZ_AWE012,4.8,KNZ_AET01,3.591
2021-08-22,0,KNZ_AWE012,5.4,KNZ_AET01,4.212
2021-08-23,0,KNZ_AWE012,5.1,KNZ_AET01,5.503
2021-08-24,0,KNZ_AWE012,6.3,KNZ_AET01,6.256
2021-08-25,0,KNZ_AWE012,6.1,KNZ_AET01,4.562
2021-08-26,0,KNZ_AWE012,6.5,KNZ_AET01,5.527
2021-08-27,0,KNZ_AWE012,6.3,KNZ_AET01,5.581
2021-08-28,0,KNZ_AWE012,5.6,KNZ_AET01,4.556
2021-08-29,0,KNZ_AWE012,1.7,KNZ_AET01,2.313
2021-08-30,0,KNZ_AWE012,4.4,KNZ_AET01,3.529
2021-08-31,6.9,KNZ_AWE012,4.8,KNZ_AET01,3.698
2021-09-01,0,KNZ_AWE012,4.8,KNZ_AET01,3.675
2021-09-02,8.9,KNZ_AWE012,3.4,KNZ_AET01,4.201
2021-09-03,46.5,KNZ_AWE012,4.7,KNZ_AET01,3.378
2021-09-04,46.2,KNZ_AWE012,2.7,KNZ_AET01,1.821
2021-09-05,0,KNZ_AWE012,3.9,KNZ_AET01,3.706
2021-09-06,0,KNZ_AWE012,5.4,KNZ_AET01,5.007
2021-09-07,0,KNZ_AWE012,5.1,KNZ_AET01,4.308
2021-09-08,0,KNZ_AWE012,4.7,KNZ_AET01,3.743
2021-09-09,0,KNZ_AWE012,4.1,KNZ_AET01,3.572
2021-09-10,0,KNZ_AWE012,4.2,KNZ_AET01,3.985
2021-09-11,0,KNZ_AWE012,5.5,KNZ_AET01,4.178
2021-09-12,0,KNZ_AWE012,5.3,KNZ_AET01,4.236
2021-09-13,0,KNZ_AWE012,5.4,KNZ_AET01,4.007
2021-09-14,0.3,KNZ_AWE012,1.2,KNZ_AET01,1.998
2021-09-15,0,KNZ_AWE012,3.6,KNZ_AET01,3.241
2021-09-16,0,KNZ_AWE012,5.5,KNZ_AET01,3.988
2021-09-17,0,KNZ_AWE012,4.4,KNZ_AET01,3.277
2021-09-18,0,KNZ_AWE012,4.2,KNZ_AET01,3.637
2021-09-19,0,KNZ_AWE012,4.7,KNZ_AET01,4.325
2021-09-20,0.8,KNZ_AWE012,4.5,KNZ_AET01,4.471
2021-09-21,0,KNZ_AWE012,3.9,KNZ_AET01,2.966
2021-09-22,0,KNZ_AWE012,4.2,KNZ_AET01,3.438
2021-09-23,0,KNZ_AWE012,4.5,KNZ_AET01,4.706
2021-09-24,0,KNZ_AWE012,2.6,KNZ_AET01,3.443
2021-09-25,0,KNZ_AWE012,4,KNZ_AET01,3.611
2021-09-26,0,KNZ_AWE012,5.6,KNZ_AET01,6.755
2021-09-27,0,KNZ_AWE012,5.1,KNZ_AET01,5.359
2021-09-28,0,KNZ_AWE012,4.8,KNZ_AET01,4.375
2021-09-29,0,KNZ_AWE012,2.6,KNZ_AET01,3.006
2021-09-30,2.3,KNZ_AWE012,1.7,KNZ_AET01,1.627
2021-10-01,0,KNZ_AWE012,2.5,KNZ_AET01,1.878
2021-10-02,0,KNZ_AWE012,1.4,KNZ_AET01,2.004
2021-10-03,0,KNZ_AWE012,3.8,KNZ_AET01,2.887
2021-10-04,0,KNZ_AWE012,3.9,KNZ_AET01,2.95
2021-10-05,0,KNZ_AWE012,3.6,KNZ_AET01,2.628
2021-10-06,0,KNZ_AWE012,2,KNZ_AET01,1.614
2021-10-07,0,KNZ_AWE012,3.5,KNZ_AET01,2.447
2021-10-08,0,KNZ_AWE012,3.8,KNZ_AET01,2.954
2021-10-09,0,KNZ_AWE012,3.1,KNZ_AET01,4.213
2021-10-10,6.4,KNZ_AWE012,2,KNZ_AET01,1.951
2021-10-11,15.2,KNZ_AWE012,3.2,KNZ_AET01,2.693
2021-10-12,0.8,KNZ_AWE012,3.2,KNZ_AET01,2.872
2021-10-13,15.5,KNZ_AWE012,3.9,KNZ_AET01,1.86
2021-10-14,0,KNZ_AWE012,2.6,KNZ_AET01,1.827
2021-10-15,0,KNZ_AWE012,2.7,KNZ_AET01,1.699
2021-10-16,0,KNZ_AWE012,3,KNZ_AET01,1.868
2021-10-17,0,KNZ_AWE012,3.2,KNZ_AET01,2.184
2021-10-18,0,KNZ_AWE012,3.3,KNZ_AET01,2.45
2021-10-19,0,KNZ_AWE012,4.5,KNZ_AET01,2.56
2021-10-20,0,KNZ_AWE012,3.3,KNZ_AET01,1.366
2021-10-21,0,KNZ_AWE012,2.3,KNZ_AET01,1.36
2021-10-22,0,KNZ_AWE012,2.8,KNZ_AET01,1.695
2021-10-23,0,KNZ_AWE012,1.5,KNZ_AET01,1.308
2021-10-24,0.3,KNZ_AWE012,1.5,KNZ_AET01,1.032
2021-10-25,0,KNZ_AWE012,0.7,KNZ_AET01,0.921
2021-10-26,0,KNZ_AWE012,1.6,KNZ_AET01,1.629
2021-10-27,29.2,KNZ_AWE012,1.4,KNZ_AET01,0.573
2021-10-28,2.8,KNZ_AWE012,2.4,KNZ_AET01,0.141
2021-10-29,0,KNZ_AWE012,2.7,KNZ_AET01,0.186
2021-10-30,0,KNZ_AWE012,2.5,KNZ_AET01,0.276
2021-10-31,0,KNZ_AWE012,2.3,KNZ_AET01,1.138
2021-11-01,0,KNZ_AWE012,0.5,KNZ_AET01,0.544
2021-11-02,0,KNZ_AWE012,0.4,KNZ_AET01,0.564
2021-11-03,0,KNZ_AWE012,0.9,KNZ_AET01,0.745
2021-11-04,0,KNZ_AWE012,1.6,KNZ_AET01,0.779
2021-11-05,0,KNZ_AWE012,1.4,KNZ_AET01,1.146
2021-11-06,0,KNZ_AWE012,2.3,KNZ_AET01,1.27
2021-11-07,0,KNZ_AWE012,3.5,KNZ_AET01,1.843
2021-11-08,0,KNZ_AWE012,2.2,KNZ_AET01,0.988
2021-11-09,0,KNZ_AWE012,1.7,KNZ_AET01,0.832
2021-11-10,22.9,KNZ_AWE012,0.6,KNZ_AET01,0.407
2021-11-11,0,KNZ_AWE012,2.5,KNZ_AET01,1.036
2021-11-12,0,KNZ_AWE012,1.2,KNZ_AET01,0.648
2021-11-13,0,KNZ_AWE012,1,KNZ_AET01,0.706
2021-11-14,1.8,KNZ_AWE012,1.7,KNZ_AET01,0.828
2021-11-15,0,KNZ_AWE012,2.5,KNZ_AET01,1.141
2021-11-16,0,KNZ_AWE012,1.6,KNZ_AET01,1.029
2021-11-17,0,KNZ_AWE012,2,KNZ_AET01,0.685
2021-11-18,0,KNZ_AWE012,1.6,KNZ_AET01,0.672
2021-11-19,0,KNZ_AWE012,1.2,KNZ_AET01,1.004
2021-11-20,0,KNZ_AWE012,1.2,KNZ_AET01,0.547
2021-11-21,0,KNZ_AWE012,1.5,KNZ_AET01,0.611
2021-11-22,0,KNZ_AWE012,1.3,KNZ_AET01,0.551
2021-11-23,0,KNZ_AWE012,2.9,KNZ_AET01,1.178
2021-11-24,0,KNZ_AWE012,2,KNZ_AET01,0.73
2021-11-25,0,KNZ_AWE012,1.2,KNZ_AET01,0.387
2021-11-26,0,KNZ_AWE012,2.2,KNZ_AET01,0.783
2021-11-27,0,KNZ_AWE012,2.1,KNZ_AET01,0.689
2021-11-28,0,KNZ_AWE012,1.4,KNZ_AET01,0.384
2021-11-29,0,KNZ_AWE012,1.9,KNZ_AET01,0.629
2021-11-30,0,KNZ_AWE012,0.1,KNZ_AET01,0.224
2021-12-01,0,KNZ_AWE012,2,KNZ_AET01,0.454
2021-12-02,0,KNZ_AWE012,1.9,KNZ_AET01,0.579
2021-12-03,0,KNZ_AWE012,1.8,KNZ_AET01,0.448
2021-12-04,0,KNZ_AWE012,1.3,KNZ_AET01,0.287
2021-12-05,0,KNZ_AWE012,2.1,KNZ_AET01,0.439
2021-12-06,0,KNZ_AWE012,1,KNZ_AET01,0.304
2021-12-07,0,KNZ_AWE012,0.7,KNZ_AET01,0.361
2021-12-08,0,KNZ_AWE012,1.9,KNZ_AET01,0.484
2021-12-09,0,KNZ_AWE012,1.6,KNZ_AET01,0.516
2021-12-10,0,KNZ_AWE012,1.5,KNZ_AET01,0.674
2021-12-11,0,KNZ_AWE012,1.2,KNZ_AET01,0.406
2021-12-12,0,KNZ_AWE012,1.6,KNZ_AET01,0.593
2021-12-13,0,KNZ_AWE012,1.5,KNZ_AET01,0.37
2021-12-14,0,KNZ_AWE012,1.8,KNZ_AET01,0.47
2021-12-15,7.4,KNZ_AWE012,2.9,KNZ_AET01,0.632
2021-12-16,0,KNZ_AWE012,1.3,KNZ_AET01,0.26
2021-12-17,0,KNZ_AWE012,1.4,KNZ_AET01,0.284
2021-12-18,0,KNZ_AWE012,0,KNZ_AET01,0.054
2021-12-19,0,KNZ_AWE012,1.1,KNZ_AET01,0.212
2021-12-20,0,KNZ_AWE012,1.2,KNZ_AET01,0.236
2021-12-21,0,KNZ_AWE012,1.1,KNZ_AET01,0.25
2021-12-22,0,KNZ_AWE012,1.3,KNZ_AET01,0.452
2021-12-23,0,KNZ_AWE012,1.2,KNZ_AET01,0.472
2021-12-24,0,KNZ_AWE012,1.9,KNZ_AET01,0.636
2021-12-25,0,KNZ_AWE012,1.3,KNZ_AET01,0.27
2021-12-26,0,KNZ_AWE012,1.2,KNZ_AET01,0.758
2021-12-27,0,KNZ_AWE012,0.8,KNZ_AET01,0.512
2021-12-28,0,KNZ_AWE012,1.5,KNZ_AET01,0.57
2021-12-29,0,KNZ_AWE012,0.2,KNZ_AET01,0.24
2021-12-30,0,KNZ_AWE012,1.1,KNZ_AET01,0.432
2021-12-31,0,KNZ_AWE012,1.1,KNZ_AET01,0.235
2022-01-01,4.6,KNZ_AWE012,0,KNZ_AET01,0.037
2022-01-02,0.3,KNZ_AWE012,0.6,KNZ_AET01,0.153
2022-01-03,0,KNZ_AWE012,1.3,KNZ_AET01,0.634
2022-01-04,0,KNZ_AWE012,1.2,KNZ_AET01,0.553
2022-01-05,0,KNZ_AWE012,0.4,KNZ_AET01,0.077
2022-01-06,0,KNZ_AWE012,0.6,KNZ_AET01,0.158
2022-01-07,0,KNZ_AWE012,0.7,KNZ_AET01,0.238
2022-01-08,0,KNZ_AWE012,0.3,KNZ_AET01,0.272
2022-01-09,0,KNZ_AWE012,1.1,KNZ_AET01,0.17
2022-01-10,0,KNZ_AWE012,1.3,KNZ_AET01,0.29
2022-01-11,0,KNZ_AWE012,1.8,KNZ_AET01,0.527
2022-01-12,0,KNZ_AWE012,1.3,KNZ_AET01,0.377
2022-01-13,0,KNZ_AWE012,1.8,KNZ_AET01,0.404
2022-01-14,1.3,KNZ_AWE012,0.5,KNZ_AET01,0.259
2022-01-15,0.3,KNZ_AWE012,0.3,KNZ_AET01,0.02
2022-01-16,0.3,KNZ_AWE012,1.2,KNZ_AET01,0.249
2022-01-17,0,KNZ_AWE012,1.6,KNZ_AET01,0.365
2022-01-18,0,KNZ_AWE012,1.7,KNZ_AET01,0.475
2022-01-19,0,KNZ_AWE012,0.5,KNZ_AET01,0.11
2022-01-20,0,KNZ_AWE012,0.9,KNZ_AET01,0.189
2022-01-21,0,KNZ_AWE012,1.1,KNZ_AET01,0.306
2022-01-22,0,KNZ_AWE012,1.6,KNZ_AET01,0.505
2022-01-23,0,KNZ_AWE012,1.8,KNZ_AET01,0.436
2022-01-24,0,KNZ_AWE012,1.8,KNZ_AET01,0.426
2022-01-25,0,KNZ_AWE012,0.7,KNZ_AET01,0.213
2022-01-26,0,KNZ_AWE012,1.1,KNZ_AET01,0.467
2022-01-27,0,KNZ_AWE012,1.3,KNZ_AET01,0.453
2022-01-28,0,KNZ_AWE012,0.9,KNZ_AET01,0.348
2022-01-29,0,KNZ_AWE012,1.8,KNZ_AET01,0.972
2022-01-30,0,KNZ_AWE012,1.6,KNZ_AET01,0.691
2022-01-31,0,KNZ_AWE012,2.8,KNZ_AET01,1.513
2022-02-01,0,KNZ_AWE012,0.7,KNZ_AET01,0.64
2022-02-02,4.6,KNZ_AWE012,0.6,KNZ_AET01,0.28
2022-02-03,0,KNZ_AWE012,1.2,KNZ_AET01,0.645
2022-02-04,0,KNZ_AWE012,1.3,KNZ_AET01,0.815
2022-02-05,0,KNZ_AWE012,1.9,KNZ_AET01,1.246
2022-02-06,0,KNZ_AWE012,1.8,KNZ_AET01,1.037
2022-02-07,0,KNZ_AWE012,1.8,KNZ_AET01,1.348
2022-02-08,0,KNZ_AWE012,2.2,KNZ_AET01,1.54
2022-02-09,0,KNZ_AWE012,2.4,KNZ_AET01,1.399
2022-02-10,0,KNZ_AWE012,2.5,KNZ_AET01,1.041
2022-02-11,0,KNZ_AWE012,1.9,KNZ_AET01,0.802
2022-02-12,0,KNZ_AWE012,1.4,KNZ_AET01,0.554
2022-02-13,0,KNZ_AWE012,1.7,KNZ_AET01,0.529
2022-02-14,0,KNZ_AWE012,2.3,KNZ_AET01,0.683
2022-02-15,0,KNZ_AWE012,2.7,KNZ_AET01,1.337
2022-02-16,0,KNZ_AWE012,2.8,KNZ_AET01,0.446
2022-02-17,0,KNZ_AWE012,0.7,KNZ_AET01,0.378
2022-02-18,0,KNZ_AWE012,2.4,KNZ_AET01,0.603
2022-02-19,0,KNZ_AWE012,1.9,KNZ_AET01,0.399
2022-02-20,0,KNZ_AWE012,3.5,KNZ_AET01,0.687
2022-02-21,0,KNZ_AWE012,2.8,KNZ_AET01,0.513
2022-02-22,0,KNZ_AWE012,0.9,KNZ_AET01,0.12
2022-02-23,0,KNZ_AWE012,1.1,KNZ_AET01,0.179
2022-02-24,0.3,KNZ_AWE012,0.4,KNZ_AET01,0.088
2022-02-25,0,KNZ_AWE012,1.5,KNZ_AET01,0.172
2022-02-26,0,KNZ_AWE012,2,KNZ_AET01,0.285
2022-02-27,0,KNZ_AWE012,2.7,KNZ_AET01,0.503
2022-02-28,0,KNZ_AWE012,3,KNZ_AET01,0.692
2022-03-01,0,KNZ_AWE012,3.4,KNZ_AET01,0.972
2022-03-02,0,KNZ_AWE012,3.5,KNZ_AET01,1.279
2022-03-03,0,KNZ_AWE012,2.7,KNZ_AET01,0.977
2022-03-04,0,KNZ_AWE012,2.4,KNZ_AET01,1.608
2022-03-05,0,KNZ_AWE012,3.8,KNZ_AET01,1.793
2022-03-06,11.4,KNZ_AWE012,0.8,KNZ_AET01,0.641
2022-03-07,0.3,KNZ_AWE012,2,KNZ_AET01,0.628
2022-03-08,0,KNZ_AWE012,2.2,KNZ_AET01,1.011
2022-03-09,0,KNZ_AWE012,1.8,KNZ_AET01,0.726
2022-03-10,5.8,KNZ_AWE012,0.8,KNZ_AET01,0.267
2022-03-11,0,KNZ_AWE012,1.8,KNZ_AET01,0.603
2022-03-12,0,KNZ_AWE012,2.3,KNZ_AET01,1.022
2022-03-13,0,KNZ_AWE012,3.8,KNZ_AET01,2.189
2022-03-14,0,KNZ_AWE012,1.8,KNZ_AET01,1.34
2022-03-15,0,KNZ_AWE012,3.5,KNZ_AET01,1.412
2022-03-16,0,KNZ_AWE012,4.2,KNZ_AET01,2.327
2022-03-17,0,KNZ_AWE012,2.4,KNZ_AET01,1.304
2022-03-18,5.1,KNZ_AWE012,1.3,KNZ_AET01,0.873
2022-03-19,0,KNZ_AWE012,4.1,KNZ_AET01,1.535
2022-03-20,0,KNZ_AWE012,4.5,KNZ_AET01,2.78
2022-03-21,18.5,KNZ_AWE012,1.4,KNZ_AET01,1.282
2022-03-22,21.6,KNZ_AWE012,0.5,KNZ_AET01,0.475
2022-03-23,0.3,KNZ_AWE012,0.1,KNZ_AET01,0.778
2022-03-24,0.3,KNZ_AWE012,1,KNZ_AET01,0.718
2022-03-25,0,KNZ_AWE012,2.1,KNZ_AET01,1.173
2022-03-26,0,KNZ_AWE012,3.5,KNZ_AET01,1.154
2022-03-27,0,KNZ_AWE012,3.4,KNZ_AET01,1.183
2022-03-28,0,KNZ_AWE012,3.8,KNZ_AET01,1.424
2022-03-29,5.1,KNZ_AWE012,3,KNZ_AET01,1.955
2022-03-30,0,KNZ_AWE012,1.6,KNZ_AET01,0.339
2022-03-31,0,KNZ_AWE012,2.4,KNZ_AET01,0.927
2022-04-01,0,KNZ_AWE012,4,KNZ_AET01,1.383
2022-04-02,0,KNZ_AWE012,4.3,KNZ_AET01,1.199
2022-04-03,0,KNZ_AWE012,1.8,KNZ_AET01,1.091
2022-04-04,0,KNZ_AWE012,3.9,KNZ_AET01,0.971
2022-04-05,0.3,KNZ_AWE012,1.5,KNZ_AET01,0.869
2022-04-06,0,KNZ_AWE012,3.8,KNZ_AET01,1.045
2022-04-07,0.5,KNZ_AWE012,2,KNZ_AET01,0.638
2022-04-08,0,KNZ_AWE012,4,KNZ_AET01,0.652
2022-04-09,0,KNZ_AWE012,4.6,KNZ_AET01,0.691
2022-04-10,0,KNZ_AWE012,4.5,KNZ_AET01,0.794
2022-04-11,0,KNZ_AWE012,4.1,KNZ_AET01,0.639
2022-04-12,3.3,KNZ_AWE012,6.6,KNZ_AET01,1.169
2022-04-13,0.3,KNZ_AWE012,3.1,KNZ_AET01,0.57
2022-04-14,0,KNZ_AWE012,4.4,KNZ_AET01,0.856
2022-04-15,0,KNZ_AWE012,3.7,KNZ_AET01,0.655
2022-04-16,0,KNZ_AWE012,3.6,KNZ_AET01,0.764
2022-04-17,0,KNZ_AWE012,1.1,KNZ_AET01,0.442
2022-04-18,0,KNZ_AWE012,4.1,KNZ_AET01,0.772
2022-04-19,0,KNZ_AWE012,1.8,KNZ_AET01,0.933
2022-04-20,0.5,KNZ_AWE012,2.1,KNZ_AET01,0.971
2022-04-21,0,KNZ_AWE012,4,KNZ_AET01,1.423
2022-04-22,0.3,KNZ_AWE012,3.8,KNZ_AET01,1.699
2022-04-23,0.8,KNZ_AWE012,4.7,KNZ_AET01,1.791
2022-04-24,0,KNZ_AWE012,5.4,KNZ_AET01,1.371
2022-04-25,0,KNZ_AWE012,4.6,KNZ_AET01,1.226
2022-04-26,0,KNZ_AWE012,5.5,KNZ_AET01,1.675
2022-04-27,0,KNZ_AWE012,5.8,KNZ_AET01,2.474
2022-04-28,0,KNZ_AWE012,5.5,KNZ_AET01,2.231
2022-04-29,16.3,KNZ_AWE012,5.1,KNZ_AET01,1.852
2022-04-30,0,KNZ_AWE012,2.9,KNZ_AET01,1.526
2022-05-01,0.3,KNZ_AWE012,4.8,KNZ_AET01,1.844
2022-05-02,19.8,KNZ_AWE012,0.4,KNZ_AET01,0.402
2022-05-03,0.3,KNZ_AWE012,1.6,KNZ_AET01,1.038
2022-05-04,11.4,KNZ_AWE012,0.4,KNZ_AET01,0.767
2022-05-05,27.2,KNZ_AWE012,0.4,KNZ_AET01,0.69
2022-05-06,0.8,KNZ_AWE012,2.2,KNZ_AET01,1.362
2022-05-07,0,KNZ_AWE012,6,KNZ_AET01,2.323
2022-05-08,0,KNZ_AWE012,6.2,KNZ_AET01,2.338
2022-05-09,0,KNZ_AWE012,7.6,KNZ_AET01,4.345
2022-05-10,0,KNZ_AWE012,7.4,KNZ_AET01,3.329
2022-05-11,0,KNZ_AWE012,6.7,KNZ_AET01,3.365
2022-05-12,0,KNZ_AWE012,7.4,KNZ_AET01,4.278
2022-05-13,0.3,KNZ_AWE012,5.4,KNZ_AET01,2.787
2022-05-14,0,KNZ_AWE012,5.7,KNZ_AET01,3.443
2022-05-15,8.9,KNZ_AWE012,4,KNZ_AET01,2.069
2022-05-16,0,KNZ_AWE012,5.7,KNZ_AET01,3.356
2022-05-17,26.7,KNZ_AWE012,5.8,KNZ_AET01,4.105
2022-05-18,2.5,KNZ_AWE012,5.9,KNZ_AET01,3.599
2022-05-19,0,KNZ_AWE012,5.5,KNZ_AET01,4.148
2022-05-20,0,KNZ_AWE012,3.7,KNZ_AET01,2.868
2022-05-21,0,KNZ_AWE012,3.4,KNZ_AET01,2.42
2022-05-22,0,KNZ_AWE012,4.5,KNZ_AET01,3.48
2022-05-23,0,KNZ_AWE012,1.6,KNZ_AET01,2.967
2022-05-24,16.3,KNZ_AWE012,1,KNZ_AET01,1.296
2022-05-25,36.3,KNZ_AWE012,0.6,KNZ_AET01,1.27
2022-05-26,3.6,KNZ_AWE012,2.2,KNZ_AET01,2.353
2022-05-27,0,KNZ_AWE012,6.4,KNZ_AET01,5.001
2022-05-28,0,KNZ_AWE012,7.1,KNZ_AET01,6.379
2022-05-29,0,KNZ_AWE012,6.2,KNZ_AET01,7.031
2022-05-30,5.1,KNZ_AWE012,7.1,KNZ_AET01,5.366
2022-05-31,35.8,KNZ_AWE012,5,KNZ_AET01,2.956
2022-06-01,5.8,KNZ_AWE012,1.3,KNZ_AET01,1.637
2022-06-02,0,KNZ_AWE012,5.7,KNZ_AET01,4.678
2022-06-03,0,KNZ_AWE012,5.9,KNZ_AET01,5.743
2022-06-04,5.3,KNZ_AWE012,3.1,KNZ_AET01,3.688
2022-06-05,8.9,KNZ_AWE012,4.6,KNZ_AET01,4.567
2022-06-06,0,KNZ_AWE012,5.4,KNZ_AET01,5.057
2022-06-07,13.7,KNZ_AWE012,6.1,KNZ_AET01,4.758
2022-06-08,6.9,KNZ_AWE012,5.2,KNZ_AET01,4.429
2022-06-09,0,KNZ_AWE012,3.1,KNZ_AET01,4.66
2022-06-10,0,KNZ_AWE012,4.6,KNZ_AET01,4.827
2022-06-11,19.1,KNZ_AWE012,6.1,KNZ_AET01,5.735
2022-06-12,0,KNZ_AWE012,2.4,KNZ_AET01,4.858
2022-06-13,0,KNZ_AWE012,7.7,KNZ_AET01,9.107
2022-06-14,0,KNZ_AWE012,7.3,KNZ_AET01,7.73
2022-06-15,0,KNZ_AWE012,6,KNZ_AET01,5.835
2022-06-16,0,KNZ_AWE012,6.7,KNZ_AET01,6.156
2022-06-17,0,KNZ_AWE012,6.8,KNZ_AET01,6.436
2022-06-18,0,KNZ_AWE012,6.5,KNZ_AET01,6.694
2022-06-19,0,KNZ_AWE012,7,KNZ_AET01,6.626
2022-06-20,0,KNZ_AWE012,7.5,KNZ_AET01,7.524
2022-06-21,79,KNZ_AWE012,6.4,KNZ_AET01,6.752
2022-06-22,0.8,KNZ_AWE012,1.3,KNZ_AET01,3.972
2022-06-23,11.7,KNZ_AWE012,3.2,KNZ_AET01,3.892
2022-06-24,26.7,KNZ_AWE012,5.5,KNZ_AET01,6.117
2022-06-25,0,KNZ_AWE012,5.1,KNZ_AET01,4.928
2022-06-26,0,KNZ_AWE012,4.4,KNZ_AET01,4.205
2022-06-27,0,KNZ_AWE012,5,KNZ_AET01,5.063
2022-06-28,0,KNZ_AWE012,6.2,KNZ_AET01,6.919
2022-06-29,0,KNZ_AWE012,6.7,KNZ_AET01,7.744
2022-06-30,0,KNZ_AWE012,6.9,KNZ_AET01,8.026
2022-07-01,27.9,KNZ_AWE012,2.6,KNZ_AET01,4.528
2022-07-02,21.1,KNZ_AWE012,2.3,KNZ_AET01,3.831
2022-07-03,0,KNZ_AWE012,4.7,KNZ_AET01,5.78
2022-07-04,0,KNZ_AWE012,7.3,KNZ_AET01,7.56
2022-07-05,0,KNZ_AWE012,7.2,KNZ_AET01,6.923
2022-07-06,0,KNZ_AWE012,4.6,KNZ_AET01,5.665
2022-07-07,0.8,KNZ_AWE012,5.4,KNZ_AET01,5.345
2022-07-08,0,KNZ_AWE012,3.9,KNZ_AET01,5.059
2022-07-09,0,KNZ_AWE012,5.4,KNZ_AET01,4.772
2022-07-10,0,KNZ_AWE012,6.4,KNZ_AET01,5.973
2022-07-11,0,KNZ_AWE012,6.2,KNZ_AET01,5.43
2022-07-12,0,KNZ_AWE012,6.3,KNZ_AET01,4.925
2022-07-13,0,KNZ_AWE012,6.2,KNZ_AET01,5.892
2022-07-14,0,KNZ_AWE012,5.8,KNZ_AET01,7.047
2022-07-15,0.3,KNZ_AWE012,6.4,KNZ_AET01,6.709
2022-07-16,0,KNZ_AWE012,1.9,KNZ_AET01,4.221
2022-07-17,0.3,KNZ_AWE012,5,KNZ_AET01,4.39
2022-07-18,0,KNZ_AWE012,6.2,KNZ_AET01,4.866
2022-07-19,0,KNZ_AWE012,5.5,KNZ_AET01,6.511
2022-07-20,0,KNZ_AWE012,6.4,KNZ_AET01,5.331
2022-07-21,0,KNZ_AWE012,5.2,KNZ_AET01,6.667
2022-07-22,0,KNZ_AWE012,6.5,KNZ_AET01,7.095
2022-07-23,0,KNZ_AWE012,7.1,KNZ_AET01,8.226
2022-07-24,0.5,KNZ_AWE012,3.3,KNZ_AET01,4.853
2022-07-25,46.7,KNZ_AWE012,1.9,KNZ_AET01,3.144
2022-07-26,3.3,KNZ_AWE012,0.9,KNZ_AET01,2.84
2022-07-27,0.3,KNZ_AWE012,5.4,KNZ_AET01,4.543
2022-07-28,5.1,KNZ_AWE012,3.9,KNZ_AET01,4.113
2022-07-29,0,KNZ_AWE012,2.8,KNZ_AET01,3.991
2022-07-30,0,KNZ_AWE012,5.6,KNZ_AET01,4.535
2022-07-31,0,KNZ_AWE012,5,KNZ_AET01,5.775
2022-08-01,0,KNZ_AWE012,6.2,KNZ_AET01,6.258
2022-08-02,0,KNZ_AWE012,6.7,KNZ_AET01,7.971
2022-08-03,0.3,KNZ_AWE012,3.9,KNZ_AET01,5.465
2022-08-04,0,KNZ_AWE012,5.3,KNZ_AET01,6.541
2022-08-05,0,KNZ_AWE012,6,KNZ_AET01,7.01
2022-08-06,0,KNZ_AWE012,7,KNZ_AET01,9.092
2022-08-07,0,KNZ_AWE012,5.9,KNZ_AET01,8.221
2022-08-08,0,KNZ_AWE012,3.1,KNZ_AET01,4.106
2022-08-09,0,KNZ_AWE012,5.5,KNZ_AET01,5.833
2022-08-10,0,KNZ_AWE012,5.6,KNZ_AET01,5.171
2022-08-11,0,KNZ_AWE012,5.8,KNZ_AET01,5.866
2022-08-12,0,KNZ_AWE012,5.5,KNZ_AET01,6.144
2022-08-13,0,KNZ_AWE012,6.3,KNZ_AET01,6.367
2022-08-14,0,KNZ_AWE012,5.6,KNZ_AET01,4.445
2022-08-15,0,KNZ_AWE012,5.9,KNZ_AET01,5.097
2022-08-16,10.7,KNZ_AWE012,0.9,KNZ_AET01,1.928
2022-08-17,0,KNZ_AWE012,5,KNZ_AET01,3.244
2022-08-18,0,KNZ_AWE012,5.2,KNZ_AET01,4.037
2022-08-19,22.6,KNZ_AWE012,1.2,KNZ_AET01,2.928
2022-08-20,0,KNZ_AWE012,4.8,KNZ_AET01,3.881
2022-08-21,0,KNZ_AWE012,5.2,KNZ_AET01,3.651
2022-08-22,0,KNZ_AWE012,5.3,KNZ_AET01,3.914
2022-08-23,0,KNZ_AWE012,4.8,KNZ_AET01,4.272
2022-08-24,0,KNZ_AWE012,5.2,KNZ_AET01,4.525
2022-08-25,0,KNZ_AWE012,5,KNZ_AET01,4.282
2022-08-26,0,KNZ_AWE012,5.2,KNZ_AET01,5.103
2022-08-27,9.1,KNZ_AWE012,3.6,KNZ_AET01,4.416
2022-08-28,2.3,KNZ_AWE012,6.1,KNZ_AET01,4.608
2022-08-29,0,KNZ_AWE012,4.7,KNZ_AET01,3.627
2022-08-30,0,KNZ_AWE012,5.2,KNZ_AET01,3.926
2022-08-31,0,KNZ_AWE012,5.2,KNZ_AET01,4.257
2022-09-01,0,KNZ_AWE012,5,KNZ_AET01,4.193
2022-09-02,0,KNZ_AWE012,5.2,KNZ_AET01,3.827
2022-09-03,0,KNZ_AWE012,5,KNZ_AET01,3.488
2022-09-04,0,KNZ_AWE012,4.1,KNZ_AET01,3.196
2022-09-05,0,KNZ_AWE012,4.1,KNZ_AET01,2.914
2022-09-06,0,KNZ_AWE012,5,KNZ_AET01,3.094
2022-09-07,0,KNZ_AWE012,4.5,KNZ_AET01,3.102
2022-09-08,0,KNZ_AWE012,5,KNZ_AET01,3.712
2022-09-09,0,KNZ_AWE012,4.8,KNZ_AET01,2.917
2022-09-10,14,KNZ_AWE012,0,KNZ_AET01,0.623
2022-09-11,0,KNZ_AWE012,4.4,KNZ_AET01,2.682
2022-09-12,0,KNZ_AWE012,4.2,KNZ_AET01,3.405
2022-09-13,0,KNZ_AWE012,4.5,KNZ_AET01,3.492
2022-09-14,0,KNZ_AWE012,4.8,KNZ_AET01,4.01
2022-09-15,0,KNZ_AWE012,5.1,KNZ_AET01,4.151
2022-09-16,0,KNZ_AWE012,4.1,KNZ_AET01,3.522
2022-09-17,22.6,KNZ_AWE012,4.8,KNZ_AET01,4.131
2022-09-18,1.5,KNZ_AWE012,4.6,KNZ_AET01,4.589
2022-09-19,0,KNZ_AWE012,5.4,KNZ_AET01,4.56
2022-09-20,0,KNZ_AWE012,5.2,KNZ_AET01,4.75
2022-09-21,6.4,KNZ_AWE012,2.6,KNZ_AET01,2.857
2022-09-22,3.8,KNZ_AWE012,0.6,KNZ_AET01,1.261
2022-09-23,6.6,KNZ_AWE012,1.8,KNZ_AET01,1.768
2022-09-24,0,KNZ_AWE012,4.2,KNZ_AET01,2.846
2022-09-25,0,KNZ_AWE012,4.2,KNZ_AET01,3.077
2022-09-26,0,KNZ_AWE012,3.8,KNZ_AET01,2.573
2022-09-27,0,KNZ_AWE012,4.1,KNZ_AET01,2.865
2022-09-28,0,KNZ_AWE012,3.8,KNZ_AET01,2.956
2022-09-29,0,KNZ_AWE012,3.8,KNZ_AET01,3.028
2022-09-30,0,KNZ_AWE012,3.2,KNZ_AET01,2.867
2022-10-01,0,KNZ_AWE012,3.8,KNZ_AET01,2.672
2022-10-02,0,KNZ_AWE012,3.9,KNZ_AET01,2.402
2022-10-03,0,KNZ_AWE012,4.4,KNZ_AET01,2.746
2022-10-04,0,KNZ_AWE012,4,KNZ_AET01,2.36
2022-10-05,0,KNZ_AWE012,3.6,KNZ_AET01,2.125
2022-10-06,0,KNZ_AWE012,3.8,KNZ_AET01,2.415
2022-10-07,1.3,KNZ_AWE012,0.8,KNZ_AET01,1.089
2022-10-08,0,KNZ_AWE012,2.8,KNZ_AET01,1.468
2022-10-09,0,KNZ_AWE012,3.4,KNZ_AET01,1.974
2022-10-10,0,KNZ_AWE012,3.4,KNZ_AET01,1.962
2022-10-11,0,KNZ_AWE012,4.5,KNZ_AET01,2.706
2022-10-12,24.6,KNZ_AWE012,3.7,KNZ_AET01,2.119
2022-10-13,0,KNZ_AWE012,3.4,KNZ_AET01,2.364
2022-10-14,0,KNZ_AWE012,2.7,KNZ_AET01,2.726
2022-10-15,0,KNZ_AWE012,2.4,KNZ_AET01,1.733
2022-10-16,0,KNZ_AWE012,2.4,KNZ_AET01,1.643
2022-10-17,0,KNZ_AWE012,2.4,KNZ_AET01,1.542
2022-10-18,0,KNZ_AWE012,2.2,KNZ_AET01,1.23
2022-10-19,0,KNZ_AWE012,2.4,KNZ_AET01,1.592
2022-10-20,0,KNZ_AWE012,3,KNZ_AET01,2.484
2022-10-21,0,KNZ_AWE012,4.1,KNZ_AET01,3.712
2022-10-22,0,KNZ_AWE012,4.6,KNZ_AET01,3.313
2022-10-23,0,KNZ_AWE012,4.1,KNZ_AET01,3.858
2022-10-24,8.6,KNZ_AWE012,0.8,KNZ_AET01,0.324
2022-10-25,0,KNZ_AWE012,2.4,KNZ_AET01,1.498
2022-10-26,0,KNZ_AWE012,2,KNZ_AET01,1.469
2022-10-27,2.8,KNZ_AWE012,2,KNZ_AET01,1.713
2022-10-28,0.3,KNZ_AWE012,2.4,KNZ_AET01,1.048
2022-10-29,0,KNZ_AWE012,2.3,KNZ_AET01,1.21
2022-10-30,0,KNZ_AWE012,1.5,KNZ_AET01,1.197
2022-10-31,0,KNZ_AWE012,2.5,KNZ_AET01,1.705
2022-11-01,0,KNZ_AWE012,3.5,KNZ_AET01,2.774
2022-11-02,0,KNZ_AWE012,3.6,KNZ_AET01,2.872
2022-11-03,0,KNZ_AWE012,3.8,KNZ_AET01,1.411
2022-11-04,53.8,KNZ_AWE012,0.3,KNZ_AET01,0.177
2022-11-05,18.5,KNZ_AWE012,2.6,KNZ_AET01,1.598
2022-11-06,0,KNZ_AWE012,2.7,KNZ_AET01,1.393
2022-11-07,0,KNZ_AWE012,2.1,KNZ_AET01,2.091
2022-11-08,0,KNZ_AWE012,1.9,KNZ_AET01,1.825
2022-11-09,0,KNZ_AWE012,2.5,KNZ_AET01,2.476
2022-11-10,0,KNZ_AWE012,1.7,KNZ_AET01,0.771
2022-11-11,0,KNZ_AWE012,1.3,KNZ_AET01,1.087
2022-11-12,0,KNZ_AWE012,1,KNZ_AET01,0.727
2022-11-13,0,KNZ_AWE012,1.5,KNZ_AET01,1.049
2022-11-14,1.8,KNZ_AWE012,0.5,KNZ_AET01,0.445
2022-11-15,0.5,KNZ_AWE012,1,KNZ_AET01,0.459
2022-11-16,0,KNZ_AWE012,1.3,KNZ_AET01,0.462
2022-11-17,0,KNZ_AWE012,0.5,KNZ_AET01,0.549
2022-11-18,0,KNZ_AWE012,1.1,KNZ_AET01,0.45
2022-11-19,0,KNZ_AWE012,1.3,KNZ_AET01,0.44
2022-11-20,0,KNZ_AWE012,1.7,KNZ_AET01,0.734
2022-11-21,0,KNZ_AWE012,1.7,KNZ_AET01,0.504
2022-11-22,0,KNZ_AWE012,1.9,KNZ_AET01,0.659
2022-11-23,0,KNZ_AWE012,1.8,KNZ_AET01,0.58
2022-11-24,0,KNZ_AWE012,1.2,KNZ_AET01,0.275
2022-11-25,0,KNZ_AWE012,1.6,KNZ_AET01,0.397
2022-11-26,3,KNZ_AWE012,0.4,KNZ_AET01,0.3
2022-11-27,5.6,KNZ_AWE012,0.9,KNZ_AET01,0.32
2022-11-28,0,KNZ_AWE012,1.8,KNZ_AET01,0.769
2022-11-29,0,KNZ_AWE012,0.5,KNZ_AET01,0.411
2022-11-30,0,KNZ_AWE012,1.2,KNZ_AET01,0.506
2022-12-01,0,KNZ_AWE012,1.6,KNZ_AET01,1.657
2022-12-02,0,KNZ_AWE012,2.9,KNZ_AET01,2.046
2022-12-03,0,KNZ_AWE012,0.8,KNZ_AET01,0.646
2022-12-04,0,KNZ_AWE012,1,KNZ_AET01,1.022
2022-12-05,0,KNZ_AWE012,1.4,KNZ_AET01,0.95
2022-12-06,0,KNZ_AWE012,0.8,KNZ_AET01,0.495
2022-12-07,0,KNZ_AWE012,0.9,KNZ_AET01,0.45
2022-12-08,1.5,KNZ_AWE012,0,KNZ_AET01,0.202
2022-12-09,0,KNZ_AWE012,0,KNZ_AET01,0.26
2022-12-10,0,KNZ_AWE012,0.8,KNZ_AET01,0.291
2022-12-11,0,KNZ_AWE012,0.8,KNZ_AET01,0.254
2022-12-12,1.5,KNZ_AWE012,1,KNZ_AET01,0.446
2022-12-13,13,KNZ_AWE012,2,KNZ_AET01,0.46
2022-12-14,0,KNZ_AWE012,0.6,KNZ_AET01,0.538
2022-12-15,0,KNZ_AWE012,1,KNZ_AET01,0.622
2022-12-16,0,KNZ_AWE012,0.8,KNZ_AET01,0.557
2022-12-17,0,KNZ_AWE012,1.1,KNZ_AET01,0.475
2022-12-18,0,KNZ_AWE012,1,KNZ_AET01,0.411
2022-12-19,5.6,KNZ_AWE012,0,KNZ_AET01,0.168
2022-12-20,0,KNZ_AWE012,0,KNZ_AET01,0.082
2022-12-21,0.5,KNZ_AWE012,0,KNZ_AET01,0.042
2022-12-22,1,KNZ_AWE012,0.2,KNZ_AET01,0.042
2022-12-23,0,KNZ_AWE012,0.6,KNZ_AET01,0.324
2022-12-24,0,KNZ_AWE012,0.4,KNZ_AET01,0.313
2022-12-25,0,KNZ_AWE012,0.6,KNZ_AET01,0.419
2022-12-26,0,KNZ_AWE012,0.6,KNZ_AET01,0.265
2022-12-27,0,KNZ_AWE012,1,KNZ_AET01,0.771
2022-12-28,0,KNZ_AWE012,1,KNZ_AET01,1.03
2022-12-29,0,KNZ_AWE012,2,KNZ_AET01,0.804
2022-12-30,0,KNZ_AWE012,1,KNZ_AET01,0.41
2022-12-31,0,KNZ_AWE012,1.2,KNZ_AET01,0.642
2023-01-01,0,KNZ_AWE012,0.3,KNZ_AET01,0.088
2023-01-02,11.4,KNZ_AWE012,0,KNZ_AET01,0.088
2023-01-03,0,KNZ_AWE012,0,KNZ_AET01,0.483
2023-01-04,0,KNZ_AWE012,0.5,KNZ_AET01,0.889
2023-01-05,0,KNZ_AWE012,0.5,KNZ_AET01,0.136
2023-01-06,0,KNZ_AWE012,0.5,KNZ_AET01,0.087
2023-01-07,0,KNZ_AWE012,0,KNZ_AET01,0.222
2023-01-08,0,KNZ_AWE012,0.4,KNZ_AET01,0.566
2023-01-09,0,KNZ_AWE012,0.6,KNZ_AET01,0.177
2023-01-10,0,KNZ_AWE012,0.3,KNZ_AET01,0.62
2023-01-11,0.3,KNZ_AWE012,0.1,KNZ_AET01,1.158
2023-01-12,1.3,KNZ_AWE012,0,KNZ_AET01,1.48
2023-01-13,0,KNZ_AWE012,0.2,KNZ_AET01,1.013
2023-01-14,0,KNZ_AWE012,0.6,KNZ_AET01,1.17
2023-01-15,0,KNZ_AWE012,1.1,KNZ_AET01,0.084
2023-01-16,0,KNZ_AWE012,1.4,KNZ_AET01,0.126
2023-01-17,0,KNZ_AWE012,0,KNZ_AET01,0.67
2023-01-18,19.1,KNZ_AWE012,0,KNZ_AET01,1.229
2023-01-19,0.3,KNZ_AWE012,0.1,KNZ_AET01,0.083
2023-01-20,0.3,KNZ_AWE012,0.4,KNZ_AET01,0.378
2023-01-21,4.6,KNZ_AWE012,0,KNZ_AET01,0.207
2023-01-22,1,KNZ_AWE012,0,KNZ_AET01,0.124
2023-01-23,0,KNZ_AWE012,0.4,KNZ_AET01,0.365
2023-01-24,0,KNZ_AWE012,0,KNZ_AET01,0.204
2023-01-25,0,KNZ_AWE012,0,KNZ_AET01,0.249
2023-01-26,0,KNZ_AWE012,0,KNZ_AET01,0.456
2023-01-27,0,KNZ_AWE012,0.6,KNZ_AET01,0.779
2023-01-28,0,KNZ_AWE012,0.5,KNZ_AET01,0.394
2023-01-29,0,KNZ_AWE012,0,KNZ_AET01,0.291
2023-01-30,0,KNZ_AWE012,0,KNZ_AET01,0.365
2023-01-31,0,KNZ_AWE012,0.2,KNZ_AET01,0.329
2023-02-01,0,KNZ_AWE012,0.4,KNZ_AET01,0.719
2023-02-02,0,KNZ_AWE012,0.6,KNZ_AET01,0.701
2023-02-03,0,KNZ_AWE012,0.5,KNZ_AET01,0.628
2023-02-04,0,KNZ_AWE012,0.6,KNZ_AET01,1.09
2023-02-05,0,KNZ_AWE012,0.5,KNZ_AET01,0.903
2023-02-06,0,KNZ_AWE012,1.1,KNZ_AET01,1.356
2023-02-07,0,KNZ_AWE012,0.6,KNZ_AET01,0.694
2023-02-08,1,KNZ_AWE012,0,KNZ_AET01,0.493
2023-02-09,1.8,KNZ_AWE012,0.3,KNZ_AET01,0.471
2023-02-10,0,KNZ_AWE012,0.6,KNZ_AET01,0.569
2023-02-11,0,KNZ_AWE012,0.6,KNZ_AET01,0.859
2023-02-12,0,KNZ_AWE012,0.6,KNZ_AET01,0.975
2023-02-13,0,KNZ_AWE012,0.6,KNZ_AET01,0.949
2023-02-14,6.9,KNZ_AWE012,1,KNZ_AET01,0.739
2023-02-15,0,KNZ_AWE012,0.6,KNZ_AET01,0.317
2023-02-16,1,KNZ_AWE012,0,KNZ_AET01,0.149
2023-02-17,0,KNZ_AWE012,0.6,KNZ_AET01,0.649
2023-02-18,0,KNZ_AWE012,0.9,KNZ_AET01,1.043
2023-02-19,0,KNZ_AWE012,0.7,KNZ_AET01,0.573
2023-02-20,0,KNZ_AWE012,0.9,KNZ_AET01,0.661
2023-02-21,0,KNZ_AWE012,0.7,KNZ_AET01,0.894
2023-02-22,0,KNZ_AWE012,0.5,KNZ_AET01,0.335
2023-02-23,0,KNZ_AWE012,0.6,KNZ_AET01,0.29
2023-02-24,0,KNZ_AWE012,0.1,KNZ_AET01,0.296
2023-02-25,0,KNZ_AWE012,0.6,KNZ_AET01,0.578
2023-02-26,8.1,KNZ_AWE012,0.9,KNZ_AET01,0.581
2023-02-27,4.8,KNZ_AWE012,1.8,KNZ_AET01,1.07
2023-02-28,0,KNZ_AWE012,1,KNZ_AET01,1.104
2023-03-01,0,KNZ_AWE012,1,KNZ_AET01,1.212
2023-03-02,0,KNZ_AWE012,0.2,KNZ_AET01,0.821
2023-03-03,0,KNZ_AWE012,0.8,KNZ_AET01,1.334
2023-03-04,0.8,KNZ_AWE012,0.9,KNZ_AET01,1.232
2023-03-05,0,KNZ_AWE012,1.2,KNZ_AET01,2.075
2023-03-06,0,KNZ_AWE012,0.9,KNZ_AET01,1.186
2023-03-07,0,KNZ_AWE012,0.3,KNZ_AET01,1.053
2023-03-08,0.8,KNZ_AWE012,0,KNZ_AET01,0.625
2023-03-09,2.3,KNZ_AWE012,0,KNZ_AET01,0.532
2023-03-10,0,KNZ_AWE012,0.3,KNZ_AET01,0.826
2023-03-11,1.5,KNZ_AWE012,0,KNZ_AET01,0.488
2023-03-12,0,KNZ_AWE012,0.8,KNZ_AET01,0.981
2023-03-13,0,KNZ_AWE012,0.5,KNZ_AET01,0.893
2023-03-14,0,KNZ_AWE012,0.9,KNZ_AET01,1.457
2023-03-15,0,KNZ_AWE012,1.7,KNZ_AET01,2.349
2023-03-16,7.6,KNZ_AWE012,0.5,KNZ_AET01,0.921
2023-03-17,0,KNZ_AWE012,0.7,KNZ_AET01,1.255
2023-03-18,0,KNZ_AWE012,0.7,KNZ_AET01,0.914
2023-03-19,0,KNZ_AWE012,0.9,KNZ_AET01,1.425
2023-03-20,0,KNZ_AWE012,1.5,KNZ_AET01,2.601
2023-03-21,0,KNZ_AWE012,0.1,KNZ_AET01,1.209
2023-03-22,0,KNZ_AWE012,0.1,KNZ_AET01,0.873
2023-03-23,0,KNZ_AWE012,0.4,KNZ_AET01,1.053
2023-03-24,1.3,KNZ_AWE012,0.5,KNZ_AET01,1.439
2023-03-25,1.8,KNZ_AWE012,1.1,KNZ_AET01,1.582
2023-03-26,0,KNZ_AWE012,0.1,KNZ_AET01,0.815
2023-03-27,0.5,KNZ_AWE012,0.7,KNZ_AET01,1.069
2023-03-28,0.5,KNZ_AWE012,1,KNZ_AET01,1.352
2023-03-29,0,KNZ_AWE012,1.3,KNZ_AET01,1.576
2023-03-30,0,KNZ_AWE012,1.8,KNZ_AET01,1.797
2023-03-31,0.5,KNZ_AWE012,2.9,KNZ_AET01,1.303
2023-04-01,0,KNZ_AWE012,1.5,KNZ_AET01,1.243
2023-04-02,0,KNZ_AWE012,2,KNZ_AET01,1.375
2023-04-03,0,KNZ_AWE012,1,KNZ_AET01,0.735
2023-04-04,0,KNZ_AWE012,2.3,KNZ_AET01,0.849
2023-04-05,0,KNZ_AWE012,1.3,KNZ_AET01,0.454
2023-04-06,0,KNZ_AWE012,1,KNZ_AET01,0.448
2023-04-07,0,KNZ_AWE012,1.4,KNZ_AET01,0.764
2023-04-08,0,KNZ_AWE012,1.4,KNZ_AET01,0.901
2023-04-09,0,KNZ_AWE012,1.1,KNZ_AET01,0.883
2023-04-10,0,KNZ_AWE012,1.5,KNZ_AET01,0.827
2023-04-11,0,KNZ_AWE012,1.7,KNZ_AET01,1.103
2023-04-12,0,KNZ_AWE012,2.3,KNZ_AET01,1.387
2023-04-13,0,KNZ_AWE012,2.6,KNZ_AET01,1.564
2023-04-14,9.4,KNZ_AWE012,2.4,KNZ_AET01,1.361
2023-04-15,15.7,KNZ_AWE012,0.2,KNZ_AET01,0.22
2023-04-16,0,KNZ_AWE012,1.7,KNZ_AET01,1.328
2023-04-17,0,KNZ_AWE012,1.5,KNZ_AET01,1.515
2023-04-18,0,KNZ_AWE012,1.7,KNZ_AET01,1.916
2023-04-19,0.3,KNZ_AWE012,2.4,KNZ_AET01,1.817
2023-04-20,23.9,KNZ_AWE012,1.1,KNZ_AET01,1.067
2023-04-21,0,KNZ_AWE012,1.5,KNZ_AET01,1.369
2023-04-22,0,KNZ_AWE012,1.3,KNZ_AET01,1.157
2023-04-23,0,KNZ_AWE012,1.3,KNZ_AET01,1.245
2023-04-24,0,KNZ_AWE012,1.4,KNZ_AET01,1.842
2023-04-25,0,KNZ_AWE012,0.8,KNZ_AET01,1.17
2023-04-26,0,KNZ_AWE012,1.2,KNZ_AET01,1.865
2023-04-27,0,KNZ_AWE012,0.4,KNZ_AET01,1.31
2023-04-28,0,KNZ_AWE012,0,KNZ_AET01,0.737
2023-04-29,0,KNZ_AWE012,1.9,KNZ_AET01,2.873
2023-04-30,0,KNZ_AWE012,1.8,KNZ_AET01,2.291
2023-05-01,0,KNZ_AWE012,1.8,KNZ_AET01,2.427
2023-05-02,0,KNZ_AWE012,1.8,KNZ_AET01,2.401
2023-05-03,0,KNZ_AWE012,1.5,KNZ_AET01,2.408
2023-05-04,0,KNZ_AWE012,1.2,KNZ_AET01,2.48
2023-05-05,8.1,KNZ_AWE012,1.3,KNZ_AET01,2.585
2023-05-06,0,KNZ_AWE012,2.7,KNZ_AET01,3.969
2023-05-07,9.9,KNZ_AWE012,2.6,KNZ_AET01,4.113
2023-05-08,0.3,KNZ_AWE012,1.8,KNZ_AET01,3.424
2023-05-09,41.7,KNZ_AWE012,1.6,KNZ_AET01,2.571
2023-05-10,0,KNZ_AWE012,1.7,KNZ_AET01,2.473
2023-05-11,3,KNZ_AWE012,1.1,KNZ_AET01,2.328
2023-05-12,0,KNZ_AWE012,2.1,KNZ_AET01,3.95
2023-05-13,0,KNZ_AWE012,1.7,KNZ_AET01,3.527
2023-05-14,3,KNZ_AWE012,0.7,KNZ_AET01,2.716
2023-05-15,8.1,KNZ_AWE012,0.1,KNZ_AET01,0.901
2023-05-16,0.3,KNZ_AWE012,0.5,KNZ_AET01,1.719
2023-05-17,0,KNZ_AWE012,1.6,KNZ_AET01,3.718
2023-05-18,0,KNZ_AWE012,1.4,KNZ_AET01,3.866
2023-05-19,0,KNZ_AWE012,0.7,KNZ_AET01,1.685
2023-05-20,0,KNZ_AWE012,1.7,KNZ_AET01,3.561
2023-05-21,0,KNZ_AWE012,1.7,KNZ_AET01,4.092
2023-05-22,0,KNZ_AWE012,1.6,KNZ_AET01,3.772
2023-05-23,0,KNZ_AWE012,1.4,KNZ_AET01,3.863
2023-05-24,0,KNZ_AWE012,1.7,KNZ_AET01,4.421
2023-05-25,1,KNZ_AWE012,1.5,KNZ_AET01,4.475
2023-05-26,0,KNZ_AWE012,1.7,KNZ_AET01,4.623
2023-05-27,0,KNZ_AWE012,2,KNZ_AET01,5.301
2023-05-28,2.8,KNZ_AWE012,0.9,KNZ_AET01,4.734
2023-05-29,0,KNZ_AWE012,1.8,KNZ_AET01,5.047
2023-05-30,0,KNZ_AWE012,1.4,KNZ_AET01,4.903
2023-05-31,32.5,KNZ_AWE012,1.4,KNZ_AET01,4.614
2023-06-01,2.5,KNZ_AWE012,1,KNZ_AET01,3.674
2023-06-02,0,KNZ_AWE012,1.6,KNZ_AET01,3.85
2023-06-03,10.2,KNZ_AWE012,1.1,KNZ_AET01,3.1
2023-06-04,0,KNZ_AWE012,1.9,KNZ_AET01,5.695
2023-06-05,0,KNZ_AWE012,1.6,KNZ_AET01,4.492
2023-06-06,0,KNZ_AWE012,1.8,KNZ_AET01,4.974
2023-06-07,0,KNZ_AWE012,1.7,KNZ_AET01,5.481
2023-06-08,0,KNZ_AWE012,1.2,KNZ_AET01,4.67
2023-06-09,6.6,KNZ_AWE012,1.8,KNZ_AET01,5.353
2023-06-10,31.2,KNZ_AWE012,0.4,KNZ_AET01,3.336
2023-06-11,0,KNZ_AWE012,0.9,KNZ_AET01,2.804
2023-06-12,0,KNZ_AWE012,1.1,KNZ_AET01,4.805
2023-06-13,0,KNZ_AWE012,1.2,KNZ_AET01,5.179
2023-06-14,1.8,KNZ_AWE012,1.8,KNZ_AET01,4.9
2023-06-15,0,KNZ_AWE012,1.5,KNZ_AET01,5.696
2023-06-16,0,KNZ_AWE012,1.8,KNZ_AET01,5.616
2023-06-17,0,KNZ_AWE012,1.5,KNZ_AET01,5.281
2023-06-18,19.6,KNZ_AWE012,1.5,KNZ_AET01,5.062
2023-06-19,0,KNZ_AWE012,2.1,KNZ_AET01,6.387
2023-06-20,0,KNZ_AWE012,2.1,KNZ_AET01,6.54
2023-06-21,0,KNZ_AWE012,1.2,KNZ_AET01,5.401
2023-06-22,0,KNZ_AWE012,1.7,KNZ_AET01,5.01
2023-06-23,0,KNZ_AWE012,1.8,KNZ_AET01,5.723
2023-06-24,0.5,KNZ_AWE012,1.9,KNZ_AET01,7.4
2023-06-25,0,KNZ_AWE012,2.1,KNZ_AET01,8.175
2023-06-26,0,KNZ_AWE012,1.7,KNZ_AET01,7.934
2023-06-27,0.8,KNZ_AWE012,1.6,KNZ_AET01,7.866
2023-06-28,0,KNZ_AWE012,2,KNZ_AET01,9.878
2023-06-29,0,KNZ_AWE012,1.7,KNZ_AET01,8.368
2023-06-30,14.5,KNZ_AWE012,1.7,KNZ_AET01,7.912
2023-07-01,3.8,KNZ_AWE012,1.5,KNZ_AET01,5.771
2023-07-02,0,KNZ_AWE012,1.8,KNZ_AET01,7.472
2023-07-03,0,KNZ_AWE012,2,KNZ_AET01,7.628
2023-07-04,33,KNZ_AWE012,2.3,KNZ_AET01,8.508
2023-07-05,6.6,KNZ_AWE012,0.9,KNZ_AET01,4.778
2023-07-06,0,KNZ_AWE012,1.1,KNZ_AET01,5.674
2023-07-07,0.5,KNZ_AWE012,0.8,KNZ_AET01,5.242
2023-07-08,0,KNZ_AWE012,1.1,KNZ_AET01,4.71
2023-07-09,0,KNZ_AWE012,1.8,KNZ_AET01,5.127
2023-07-10,0,KNZ_AWE012,1.8,KNZ_AET01,6.471
2023-07-11,0,KNZ_AWE012,1.8,KNZ_AET01,6.284
2023-07-12,0,KNZ_AWE012,1.2,KNZ_AET01,5.407
2023-07-13,0,KNZ_AWE012,1.2,KNZ_AET01,4.43
2023-07-14,29.2,KNZ_AWE012,0.9,KNZ_AET01,4.703
2023-07-15,0,KNZ_AWE012,1.5,KNZ_AET01,5.997
2023-07-16,0,KNZ_AWE012,0.8,KNZ_AET01,6.177
2023-07-17,0,KNZ_AWE012,1.7,KNZ_AET01,5.408
2023-07-18,0,KNZ_AWE012,1.7,KNZ_AET01,4.938
2023-07-19,0,KNZ_AWE012,0.1,KNZ_AET01,3.305
2023-07-20,0,KNZ_AWE012,1.7,KNZ_AET01,5.198
2023-07-21,0,KNZ_AWE012,1.3,KNZ_AET01,3.531
2023-07-22,0.8,KNZ_AWE012,1.2,KNZ_AET01,4.344
2023-07-23,0,KNZ_AWE012,1.8,KNZ_AET01,4.903
2023-07-24,0,KNZ_AWE012,2.5,KNZ_AET01,5.208
2023-07-25,0,KNZ_AWE012,2.4,KNZ_AET01,6.278
2023-07-26,0,KNZ_AWE012,2.8,KNZ_AET01,6.325
2023-07-27,0,KNZ_AWE012,1.4,KNZ_AET01,5.858
2023-07-28,0.8,KNZ_AWE012,2.9,KNZ_AET01,6.276
2023-07-29,0,KNZ_AWE012,1.4,KNZ_AET01,4.177
2023-07-30,2,KNZ_AWE012,2,KNZ_AET01,4.714
2023-07-31,0,KNZ_AWE012,2,KNZ_AET01,3.995
2023-08-01,0,KNZ_AWE012,1.5,KNZ_AET01,4.892
2023-08-02,0,KNZ_AWE012,1.6,KNZ_AET01,4.713
2023-08-03,2,KNZ_AWE012,1.5,KNZ_AET01,3.063
2023-08-04,10.2,KNZ_AWE012,1.8,KNZ_AET01,3.728
2023-08-05,0.3,KNZ_AWE012,1.6,KNZ_AET01,3.687
2023-08-06,5.6,KNZ_AWE012,1.8,KNZ_AET01,3.42
2023-08-07,0,KNZ_AWE012,1.2,KNZ_AET01,3.931
2023-08-08,0,KNZ_AWE012,1.6,KNZ_AET01,4.477
2023-08-09,7.9,KNZ_AWE012,0.1,KNZ_AET01,3.334
2023-08-10,0,gridMET_OpenET,0,KNZ_AET01,4.745
2023-08-11,0.378,gridMET_OpenET,5.98,gridMET_OpenET,5.252
2023-08-12,10.42,gridMET_OpenET,4.598,gridMET_OpenET,3.984
2023-08-13,9.1,KNZ_AWE012,3.181,gridMET_OpenET,2.718
2023-08-14,0,KNZ_AWE012,0.3,KNZ_AET01,3.621
2023-08-15,0,KNZ_AWE012,1.6,KNZ_AET01,3.651
2023-08-16,0,KNZ_AWE012,1.9,KNZ_AET01,5.133
2023-08-17,0,KNZ_AWE012,1.8,KNZ_AET01,4.046
2023-08-18,0,KNZ_AWE012,1.9,KNZ_AET01,4.623
2023-08-19,0,KNZ_AWE012,2.9,KNZ_AET01,6.936
2023-08-20,0,KNZ_AWE012,1.8,KNZ_AET01,4.811
2023-08-21,0,KNZ_AWE012,1.9,KNZ_AET01,4.264
2023-08-22,0,KNZ_AWE012,1.4,KNZ_AET01,4.73
2023-08-23,0,KNZ_AWE012,2,KNZ_AET01,5.129
2023-08-24,0,KNZ_AWE012,2.9,KNZ_AET01,5.405
2023-08-25,0,KNZ_AWE012,2.8,KNZ_AET01,4.188
2023-08-26,0.8,KNZ_AWE012,1.4,KNZ_AET01,1.963
2023-08-27,0,KNZ_AWE012,1.6,KNZ_AET01,2.695
2023-08-28,0,KNZ_AWE012,1.2,KNZ_AET01,2.106
2023-08-29,0,KNZ_AWE012,1.5,KNZ_AET01,3.235
2023-08-30,0,KNZ_AWE012,1.4,KNZ_AET01,2.627
2023-08-31,0,KNZ_AWE012,2.1,KNZ_AET01,3.439
2023-09-01,0,KNZ_AWE012,2.5,KNZ_AET01,3.567
2023-09-02,0,KNZ_AWE012,2.1,KNZ_AET01,3.82
2023-09-03,0,KNZ_AWE012,2,KNZ_AET01,3.754
2023-09-04,0,KNZ_AWE012,2.9,KNZ_AET01,4.105
2023-09-05,0,KNZ_AWE012,2.9,KNZ_AET01,3.521
2023-09-06,0,KNZ_AWE012,1.5,KNZ_AET01,2.715
2023-09-07,0,KNZ_AWE012,1.5,KNZ_AET01,2.941
2023-09-08,0,KNZ_AWE012,1.4,KNZ_AET01,3.015
2023-09-09,0,KNZ_AWE012,1.4,KNZ_AET01,2.662
2023-09-10,2,KNZ_AWE012,1.2,KNZ_AET01,2.652
2023-09-11,2.8,KNZ_AWE012,0,KNZ_AET01,0.675
2023-09-12,0,KNZ_AWE012,0.7,KNZ_AET01,2.127
2023-09-13,0,KNZ_AWE012,1.4,KNZ_AET01,2.286
2023-09-14,0,KNZ_AWE012,1.4,KNZ_AET01,2.254
2023-09-15,0.5,KNZ_AWE012,0,KNZ_AET01,1.469
2023-09-16,0.5,KNZ_AWE012,0.9,KNZ_AET01,1.945
2023-09-17,0,KNZ_AWE012,1.3,KNZ_AET01,2.293
2023-09-18,0,KNZ_AWE012,1.6,KNZ_AET01,3.908
2023-09-19,0,KNZ_AWE012,1.4,KNZ_AET01,3.024
2023-09-20,0,KNZ_AWE012,2.1,KNZ_AET01,2.78
2023-09-21,0,KNZ_AWE012,1.6,KNZ_AET01,2.431
2023-09-22,16.5,KNZ_AWE012,1.6,KNZ_AET01,1.754
2023-09-23,0,KNZ_AWE012,1.1,KNZ_AET01,2.179
2023-09-24,0,KNZ_AWE012,1.4,KNZ_AET01,2.778
2023-09-25,0,KNZ_AWE012,1.4,KNZ_AET01,2.507
2023-09-26,0,KNZ_AWE012,1.2,KNZ_AET01,2.332
2023-09-27,0,KNZ_AWE012,1.2,KNZ_AET01,2.653
2023-09-28,0,KNZ_AWE012,1.8,KNZ_AET01,3.609
2023-09-29,0,KNZ_AWE012,2.4,KNZ_AET01,4.28
2023-09-30,0,KNZ_AWE012,2.7,KNZ_AET01,4.005
2023-10-01,0,KNZ_AWE012,2.2,KNZ_AET01,3.6
2023-10-02,0,KNZ_AWE012,1.6,KNZ_AET01,3.35
2023-10-03,16.8,KNZ_AWE012,1.3,KNZ_AET01,2.885
2023-10-04,9.1,KNZ_AWE012,0.8,KNZ_AET01,1.757
2023-10-05,0,KNZ_AWE012,1.4,KNZ_AET01,2.306
2023-10-06,0,KNZ_AWE012,0.4,KNZ_AET01,1.689
2023-10-07,0,KNZ_AWE012,0.8,KNZ_AET01,1.668
2023-10-08,0,KNZ_AWE012,1.1,KNZ_AET01,2.537
2023-10-09,0,KNZ_AWE012,1,KNZ_AET01,1.766
2023-10-10,0,KNZ_AWE012,0.4,KNZ_AET01,2.337
2023-10-11,0,KNZ_AWE012,0.9,KNZ_AET01,2.542
2023-10-12,5.6,KNZ_AWE012,0,KNZ_AET01,1.061
2023-10-13,0,KNZ_AWE012,0,KNZ_AET01,1.315
2023-10-14,0,KNZ_AWE012,0,KNZ_AET01,1.097
2023-10-15,0,KNZ_AWE012,0,KNZ_AET01,0.901
2023-10-16,0,KNZ_AWE012,0.7,KNZ_AET01,1.322
2023-10-17,0,KNZ_AWE012,0.8,KNZ_AET01,1.845
2023-10-18,0,KNZ_AWE012,0.2,KNZ_AET01,1.57
2023-10-19,0,KNZ_AWE012,0.7,KNZ_AET01,1.908
2023-10-20,0,KNZ_AWE012,0.8,KNZ_AET01,1.988
2023-10-21,0,KNZ_AWE012,0.7,KNZ_AET01,1.803
2023-10-22,0,KNZ_AWE012,0.7,KNZ_AET01,2.191
2023-10-23,0.5,KNZ_AWE012,0.5,KNZ_AET01,2.332
2023-10-24,2.3,KNZ_AWE012,0,KNZ_AET01,0.95
2023-10-25,7.6,KNZ_AWE012,0,KNZ_AET01,0.689
2023-10-26,0.8,KNZ_AWE012,0.5,KNZ_AET01,0.843
2023-10-27,0,KNZ_AWE012,0.3,KNZ_AET01,0.416
2023-10-28,9.7,KNZ_AWE012,0,KNZ_AET01,0.489
2023-10-29,0,KNZ_AWE012,0,KNZ_AET01,0.269
2023-10-30,0,KNZ_AWE012,0.4,KNZ_AET01,0.616
2023-10-31,0,KNZ_AWE012,0.5,KNZ_AET01,0.564
2023-11-01,0,KNZ_AWE012,0.5,KNZ_AET01,0.898
2023-11-02,0,KNZ_AWE012,0.7,KNZ_AET01,1.059
2023-11-03,0,KNZ_AWE012,0.9,KNZ_AET01,0.917
2023-11-04,0,KNZ_AWE012,0,KNZ_AET01,0.524
2023-11-05,0,KNZ_AWE012,0.7,KNZ_AET01,0.85
2023-11-06,0,KNZ_AWE012,0.8,KNZ_AET01,0.62
2023-11-07,0,KNZ_AWE012,0.6,KNZ_AET01,0.681
2023-11-08,0,KNZ_AWE012,0.5,KNZ_AET01,0.579
2023-11-09,0,KNZ_AWE012,0.5,KNZ_AET01,0.582
2023-11-10,0,KNZ_AWE012,0.6,KNZ_AET01,0.545
2023-11-11,0,KNZ_AWE012,0,KNZ_AET01,0.587
2023-11-12,0,KNZ_AWE012,0.7,KNZ_AET01,0.685
2023-11-13,0,KNZ_AWE012,0.8,KNZ_AET01,0.656
2023-11-14,0,KNZ_AWE012,0.7,KNZ_AET01,0.762
2023-11-15,0,KNZ_AWE012,0.6,KNZ_AET01,0.688
2023-11-16,0,KNZ_AWE012,0.7,KNZ_AET01,0.567
2023-11-17,0,KNZ_AWE012,0.6,KNZ_AET01,0.434
2023-11-18,0,KNZ_AWE012,0.5,KNZ_AET01,0.66
2023-11-19,19.8,KNZ_AWE012,0.7,KNZ_AET01,0.367
2023-11-20,11.7,KNZ_AWE012,0.1,KNZ_AET01,0.259
2023-11-21,0,KNZ_AWE012,0.6,KNZ_AET01,0.439
2023-11-22,0,KNZ_AWE012,0.6,KNZ_AET01,0.741
2023-11-23,0,KNZ_AWE012,0.6,KNZ_AET01,0.539
2023-11-24,0,KNZ_AWE012,0,KNZ_AET01,0.584
2023-11-25,14.2,KNZ_AWE012,0,KNZ_AET01,0.113
2023-11-26,0.5,KNZ_AWE012,0.3,KNZ_AET01,0.284
2023-11-27,0,KNZ_AWE012,0.5,KNZ_AET01,0.429
2023-11-28,0,KNZ_AWE012,0.5,KNZ_AET01,0.319
2023-11-29,0,KNZ_AWE012,0.5,KNZ_AET01,0.529
2023-11-30,3.6,KNZ_AWE012,0,KNZ_AET01,0.463
2023-12-01,4.8,KNZ_AWE012,0,KNZ_AET01,0.146
2023-12-02,0.3,KNZ_AWE012,0,KNZ_AET01,0.107
2023-12-03,0.3,KNZ_AWE012,0,KNZ_AET01,0.395
2023-12-04,0.3,KNZ_AWE012,0.4,KNZ_AET01,0.572
2023-12-05,0,KNZ_AWE012,0.2,KNZ_AET01,0.399
2023-12-06,0,KNZ_AWE012,1.2,KNZ_AET01,0.765
2023-12-07,0,KNZ_AWE012,1.8,KNZ_AET01,0.84
2023-12-08,0,KNZ_AWE012,0.5,KNZ_AET01,0.492
2023-12-09,0,KNZ_AWE012,0.5,KNZ_AET01,0.539
2023-12-10,0,KNZ_AWE012,0.3,KNZ_AET01,0.575
2023-12-11,0,KNZ_AWE012,0.5,KNZ_AET01,0.601
2023-12-12,0,KNZ_AWE012,0.2,KNZ_AET01,0.468
2023-12-13,0,KNZ_AWE012,0.2,KNZ_AET01,0.459
2023-12-14,0,KNZ_AWE012,0,KNZ_AET01,0.432
2023-12-15,15.7,KNZ_AWE012,0,KNZ_AET01,0.169
2023-12-16,0,KNZ_AWE012,0,KNZ_AET01,0.212
2023-12-17,0,KNZ_AWE012,0.5,KNZ_AET01,0.564
2023-12-18,0,KNZ_AWE012,0.5,KNZ_AET01,0.419
2023-12-19,0,KNZ_AWE012,0.4,KNZ_AET01,0.928
2023-12-20,0,KNZ_AWE012,0.2,KNZ_AET01,0.524
2023-12-21,1.8,KNZ_AWE012,0,KNZ_AET01,0.414
2023-12-22,5.6,KNZ_AWE012,0,KNZ_AET01,0.141
2023-12-23,0.8,KNZ_AWE012,0.7,KNZ_AET01,0.122
2023-12-24,29.5,KNZ_AWE012,1,KNZ_AET01,0.106
2023-12-25,2.3,KNZ_AWE012,0,KNZ_AET01,0.164
2023-12-26,3.3,KNZ_AWE012,0,KNZ_AET01,0.176
2023-12-27,0,KNZ_AWE012,0,KNZ_AET01,0.211
2023-12-28,0,KNZ_AWE012,0.1,KNZ_AET01,0.324
2023-12-29,0,KNZ_AWE012,0.5,KNZ_AET01,0.476
2023-12-30,0,KNZ_AWE012,0.3,KNZ_AET01,0.53
2023-12-31,0,KNZ_AWE012,0,KNZ_AET01,0.184
2024-01-01,0,gridMET_OpenET,0.982,gridMET_OpenET,0.375
2024-01-02,0,gridMET_OpenET,0.498,gridMET_OpenET,0.19
2024-01-03,0,gridMET_OpenET,0.179,gridMET_OpenET,0.068
2024-01-04,0,gridMET_OpenET,0.268,gridMET_OpenET,0.102
2024-01-05,4.8,gridMET_OpenET,0.179,gridMET_OpenET,0.068
2024-01-06,1.768,gridMET_OpenET,0.268,gridMET_OpenET,0.102
2024-01-07,4.645,gridMET_OpenET,0.714,gridMET_OpenET,0.272
2024-01-08,31.758,gridMET_OpenET,0.536,gridMET_OpenET,0.204
2024-01-09,0,gridMET_OpenET,0.089,gridMET_OpenET,0.034
2024-01-10,0,gridMET_OpenET,0.625,gridMET_OpenET,0.238
2024-01-11,0,gridMET_OpenET,0.179,gridMET_OpenET,0.068
2024-01-12,1.171,gridMET_OpenET,0.089,gridMET_OpenET,0.034
2024-01-13,0,gridMET_OpenET,0.179,gridMET_OpenET,0.068
2024-01-14,0,gridMET_OpenET,0.257,gridMET_OpenET,0.098
2024-01-15,2.517,gridMET_OpenET,0.179,gridMET_OpenET,0.068
2024-01-16,0,gridMET_OpenET,0.357,gridMET_OpenET,0.135
2024-01-17,0,gridMET_OpenET,0.736,gridMET_OpenET,0.279
2024-01-18,0,gridMET_OpenET,0.368,gridMET_OpenET,0.14
2024-01-19,0,gridMET_OpenET,0.257,gridMET_OpenET,0.097
2024-01-20,0,gridMET_OpenET,0.23,gridMET_OpenET,0.087
2024-01-21,0,gridMET_OpenET,0.945,gridMET_OpenET,0.358
2024-01-22,10.334,gridMET_OpenET,0.804,gridMET_OpenET,0.304
2024-01-23,1.034,gridMET_OpenET,0.546,gridMET_OpenET,0.206
2024-01-24,1.957,gridMET_OpenET,0.536,gridMET_OpenET,0.202
2024-01-25,3.984,gridMET_OpenET,0.536,gridMET_OpenET,0.202
2024-01-26,0,gridMET_OpenET,0.625,gridMET_OpenET,0.236
2024-01-27,0,gridMET_OpenET,0.804,gridMET_OpenET,0.303
2024-01-28,0,gridMET_OpenET,1.34,gridMET_OpenET,0.505
2024-01-29,0,gridMET_OpenET,1.916,gridMET_OpenET,0.722
2024-01-30,0,gridMET_OpenET,1.697,gridMET_OpenET,0.639
2024-01-31,0,gridMET_OpenET,2.311,gridMET_OpenET,0.871
2024-02-01,0,gridMET_OpenET,2.475,gridMET_OpenET,0.932
2024-02-02,0.861,gridMET_OpenET,2.293,gridMET_OpenET,0.863
2024-02-03,20.003,gridMET_OpenET,0.623,gridMET_OpenET,0.234
2024-02-04,4.096,gridMET_OpenET,0.302,gridMET_OpenET,0.114
2024-02-05,0,gridMET_OpenET,0.927,gridMET_OpenET,0.348
2024-02-06,0,gridMET_OpenET,1.818,gridMET_OpenET,0.683
2024-02-07,0,gridMET_OpenET,3.25,gridMET_OpenET,1.22
2024-02-08,0,gridMET_OpenET,2.701,gridMET_OpenET,1.014
2024-02-09,0,gridMET_OpenET,1.711,gridMET_OpenET,0.642
2024-02-10,0,gridMET_OpenET,1.032,gridMET_OpenET,0.387
2024-02-11,0,gridMET_OpenET,1.088,gridMET_OpenET,0.408
2024-02-12,0,gridMET_OpenET,1.841,gridMET_OpenET,0.69
2024-02-13,0,gridMET_OpenET,2.679,gridMET_OpenET,1.003
2024-02-14,0,gridMET_OpenET,2.895,gridMET_OpenET,1.084
2024-02-15,0.172,gridMET_OpenET,1.453,gridMET_OpenET,0.544
2024-02-16,2.967,gridMET_OpenET,0.387,gridMET_OpenET,0.145
2024-02-17,0,gridMET_OpenET,1.453,gridMET_OpenET,0.543
2024-02-18,0,gridMET_OpenET,2.325,gridMET_OpenET,0.869
2024-02-19,0,gridMET_OpenET,2.378,gridMET_OpenET,0.828
2024-02-20,0,gridMET_OpenET,3.391,gridMET_OpenET,1.095
2024-02-21,0,gridMET_OpenET,2.571,gridMET_OpenET,0.765
2024-02-22,0,gridMET_OpenET,2.656,gridMET_OpenET,0.723
2024-02-23,0,gridMET_OpenET,3.218,gridMET_OpenET,0.794
2024-02-24,0,gridMET_OpenET,3.346,gridMET_OpenET,0.741
2024-02-25,0,gridMET_OpenET,3.669,gridMET_OpenET,0.719
2024-02-26,0,gridMET_OpenET,4.586,gridMET_OpenET,0.782
2024-02-27,0,gridMET_OpenET,3.852,gridMET_OpenET,0.804
2024-02-28,0,gridMET_OpenET,2.034,gridMET_OpenET,0.502
2024-02-29,2.376,gridMET_OpenET,3.83,gridMET_OpenET,1.09
2024-03-01,0,gridMET_OpenET,2.226,gridMET_OpenET,0.718
2024-03-02,0,gridMET_OpenET,3.886,gridMET_OpenET,1.401
2024-03-03,0,gridMET_OpenET,5.049,gridMET_OpenET,2.013
2024-03-04,0,gridMET_OpenET,2.464,gridMET_OpenET,1.076
2024-03-05,0,gridMET_OpenET,2.806,gridMET_OpenET,1.332
2024-03-06,0,gridMET_OpenET,2.514,gridMET_OpenET,1.152
2024-03-07,11.073,gridMET_OpenET,0.893,gridMET_OpenET,0.394
2024-03-08,0,gridMET_OpenET,0.573,gridMET_OpenET,0.244
2024-03-09,0,gridMET_OpenET,2.661,gridMET_OpenET,1.089
2024-03-10,0,gridMET_OpenET,3.421,gridMET_OpenET,1.343
2024-03-11,0,gridMET_OpenET,4.874,gridMET_OpenET,1.834
2024-03-12,0,gridMET_OpenET,3.212,gridMET_OpenET,1.156
2024-03-13,19.97,gridMET_OpenET,2.723,gridMET_OpenET,0.936
2024-03-14,0,gridMET_OpenET,2.203,gridMET_OpenET,0.721
2024-03-15,0,gridMET_OpenET,2.878,gridMET_OpenET,0.895
2024-03-16,0,gridMET_OpenET,3.191,gridMET_OpenET,0.94
2024-03-17,0,gridMET_OpenET,2.287,gridMET_OpenET,0.636
2024-03-18,0,gridMET_OpenET,2.256,gridMET_OpenET,0.59
2024-03-19,0,gridMET_OpenET,4.126,gridMET_OpenET,1.012
2024-03-20,0,gridMET_OpenET,3.086,gridMET_OpenET,0.707
2024-03-21,0,gridMET_OpenET,3.44,gridMET_OpenET,0.731
2024-03-22,0,gridMET_OpenET,2.194,gridMET_OpenET,0.448
2024-03-23,0.057,gridMET_OpenET,2.202,gridMET_OpenET,0.432
2024-03-24,2.738,gridMET_OpenET,2.724,gridMET_OpenET,0.512
2024-03-25,0.955,gridMET_OpenET,2.465,gridMET_OpenET,0.443
2024-03-26,0,gridMET_OpenET,1.672,gridMET_OpenET,0.287
2024-03-27,0,gridMET_OpenET,2.443,gridMET_OpenET,0.399
2024-03-28,0,gridMET_OpenET,4.395,gridMET_OpenET,0.681
2024-03-29,0,gridMET_OpenET,4.571,gridMET_OpenET,0.671
2024-03-30,0,gridMET_OpenET,3.335,gridMET_OpenET,0.483
2024-03-31,0,gridMET_OpenET,3.834,gridMET_OpenET,0.548
2024-04-01,3.295,gridMET_OpenET,2.793,gridMET_OpenET,0.394
2024-04-02,4.405,gridMET_OpenET,3.595,gridMET_OpenET,0.5
2024-04-03,0,gridMET_OpenET,3.976,gridMET_OpenET,0.545
2024-04-04,0,gridMET_OpenET,3.909,gridMET_OpenET,0.528
2024-04-05,0,gridMET_OpenET,4.474,gridMET_OpenET,0.596
2024-04-06,2.705,gridMET_OpenET,5.235,gridMET_OpenET,0.687
2024-04-07,0,gridMET_OpenET,4.43,gridMET_OpenET,0.697
2024-04-08,0,gridMET_OpenET,3.649,gridMET_OpenET,0.67
2024-04-09,0,gridMET_OpenET,3.806,gridMET_OpenET,0.798
2024-04-10,0,gridMET_OpenET,3.891,gridMET_OpenET,0.917
2024-04-11,0,gridMET_OpenET,4.783,gridMET_OpenET,1.252
2024-04-12,0,gridMET_OpenET,4.511,gridMET_OpenET,1.299
2024-04-13,0,gridMET_OpenET,7.36,gridMET_OpenET,2.311
2024-04-14,0,gridMET_OpenET,5.429,gridMET_OpenET,1.847
2024-04-15,17.66,gridMET_OpenET,5.491,gridMET_OpenET,1.99
2024-04-16,0,gridMET_OpenET,6.405,gridMET_OpenET,2.464
2024-04-17,14.51,gridMET_OpenET,5.176,gridMET_OpenET,2.106
2024-04-18,1.547,gridMET_OpenET,2.247,gridMET_OpenET,0.964
2024-04-19,0,gridMET_OpenET,2.716,gridMET_OpenET,1.226
2024-04-20,0,gridMET_OpenET,2.25,gridMET_OpenET,1.066
2024-04-21,0,gridMET_OpenET,3.818,gridMET_OpenET,1.893
2024-04-22,0,gridMET_OpenET,5.833,gridMET_OpenET,3.022
2024-04-23,0,gridMET_OpenET,4.824,gridMET_OpenET,2.602
2024-04-24,4.866,gridMET_OpenET,3.774,gridMET_OpenET,2.117
2024-04-25,54.202,gridMET_OpenET,3.105,gridMET_OpenET,1.808
2024-04-26,0,gridMET_OpenET,6.129,gridMET_OpenET,3.701
2024-04-27,5.61,gridMET_OpenET,3.774,gridMET_OpenET,2.36
2024-04-28,1.506,gridMET_OpenET,2.397,gridMET_OpenET,1.55
2024-04-29,2.213,gridMET_OpenET,4.604,gridMET_OpenET,3.076
2024-04-30,0.679,gridMET_OpenET,5.705,gridMET_OpenET,3.935
2024-05-01,9.396,gridMET_OpenET,3.478,gridMET_OpenET,2.436
2024-05-02,12.68,gridMET_OpenET,1.927,gridMET_OpenET,1.371
2024-05-03,6.951,gridMET_OpenET,4.15,gridMET_OpenET,2.997
2024-05-04,0,gridMET_OpenET,2.56,gridMET_OpenET,1.876
2024-05-05,0,gridMET_OpenET,2.652,gridMET_OpenET,1.973
2024-05-06,4.643,gridMET_OpenET,2.296,gridMET_OpenET,1.733
2024-05-07,0,gridMET_OpenET,5.394,gridMET_OpenET,4.129
2024-05-08,0,gridMET_OpenET,4.805,gridMET_OpenET,3.73
2024-05-09,0,gridMET_OpenET,5.005,gridMET_OpenET,3.982
2024-05-10,0,gridMET_OpenET,4.907,gridMET_OpenET,3.999
2024-05-11,0,gridMET_OpenET,4.978,gridMET_OpenET,4.153
2024-05-12,10.687,gridMET_OpenET,4.151,gridMET_OpenET,3.543
2024-05-13,19.055,gridMET_OpenET,1.776,gridMET_OpenET,1.551
2024-05-14,0,gridMET_OpenET,4.691,gridMET_OpenET,4.186
2024-05-15,9.187,gridMET_OpenET,3.233,gridMET_OpenET,2.947
2024-05-16,0,gridMET_OpenET,3.967,gridMET_OpenET,3.693
2024-05-17,0,gridMET_OpenET,4.999,gridMET_OpenET,4.75
2024-05-18,0,gridMET_OpenET,5.65,gridMET_OpenET,5.478
2024-05-19,49.207,gridMET_OpenET,4.842,gridMET_OpenET,4.789
2024-05-20,0,gridMET_OpenET,3.99,gridMET_OpenET,4.023
2024-05-21,1.082,gridMET_OpenET,5.037,gridMET_OpenET,5.176
2024-05-22,0.564,gridMET_OpenET,4.641,gridMET_OpenET,4.859
2024-05-23,0,gridMET_OpenET,5.62,gridMET_OpenET,5.992
2024-05-24,0,gridMET_OpenET,4.274,gridMET_OpenET,4.64
2024-05-25,36.862,gridMET_OpenET,5.826,gridMET_OpenET,6.302
2024-05-26,0,gridMET_OpenET,4.265,gridMET_OpenET,4.598
2024-05-27,0,gridMET_OpenET,5.171,gridMET_OpenET,5.554
2024-05-28,0,gridMET_OpenET,4.355,gridMET_OpenET,4.661
2024-05-29,0,gridMET_OpenET,5.5,gridMET_OpenET,5.866
2024-05-30,0.046,gridMET_OpenET,4.068,gridMET_OpenET,4.323
2024-05-31,0.168,gridMET_OpenET,3.089,gridMET_OpenET,3.271
2024-06-01,7.571,gridMET_OpenET,4.947,gridMET_OpenET,5.22
2024-06-02,0,gridMET_OpenET,5.403,gridMET_OpenET,5.681
2024-06-03,0,gridMET_OpenET,4.353,gridMET_OpenET,4.56
2024-06-04,9.409,gridMET_OpenET,4.241,gridMET_OpenET,4.427
2024-06-05,0,gridMET_OpenET,6.019,gridMET_OpenET,6.259
2024-06-06,7.592,gridMET_OpenET,4.864,gridMET_OpenET,5.04
2024-06-07,3.918,gridMET_OpenET,5.852,gridMET_OpenET,6.042
2024-06-08,8.08,gridMET_OpenET,4.095,gridMET_OpenET,4.211
2024-06-09,0,gridMET_OpenET,5.105,gridMET_OpenET,5.232
2024-06-10,0,gridMET_OpenET,5.363,gridMET_OpenET,5.473
2024-06-11,0,gridMET_OpenET,6.286,gridMET_OpenET,6.388
2024-06-12,0,gridMET_OpenET,6.993,gridMET_OpenET,7.076
2024-06-13,2.129,gridMET_OpenET,6.965,gridMET_OpenET,7.017
2024-06-14,0,gridMET_OpenET,5.998,gridMET_OpenET,6.018
2024-06-15,46.491,gridMET_OpenET,6.07,gridMET_OpenET,6.064
2024-06-16,5.484,gridMET_OpenET,5.839,gridMET_OpenET,5.808
2024-06-17,0,gridMET_OpenET,6.735,gridMET_OpenET,6.67
2024-06-18,18.872,gridMET_OpenET,5.318,gridMET_OpenET,5.271
2024-06-19,8.505,gridMET_OpenET,2.807,gridMET_OpenET,2.785
2024-06-20,0,gridMET_OpenET,5.643,gridMET_OpenET,5.603
2024-06-21,0,gridMET_OpenET,6.296,gridMET_OpenET,6.257
2024-06-22,0,gridMET_OpenET,6.45,gridMET_OpenET,6.416
2024-06-23,0,gridMET_OpenET,6.496,gridMET_OpenET,6.468
2024-06-24,0,gridMET_OpenET,8.376,gridMET_OpenET,8.347
2024-06-25,3.956,gridMET_OpenET,7.004,gridMET_OpenET,6.986
2024-06-26,0,gridMET_OpenET,5.558,gridMET_OpenET,5.548
2024-06-27,0.174,gridMET_OpenET,5.988,gridMET_OpenET,5.982
2024-06-28,25.612,gridMET_OpenET,6.462,gridMET_OpenET,6.462
2024-06-29,0,gridMET_OpenET,4.975,gridMET_OpenET,4.979
2024-06-30,37.254,gridMET_OpenET,4.137,gridMET_OpenET,4.144
2024-07-01,8.935,gridMET_OpenET,5.369,gridMET_OpenET,5.383
2024-07-02,3.039,gridMET_OpenET,5.304,gridMET_OpenET,5.322
2024-07-03,36.296,gridMET_OpenET,3.027,gridMET_OpenET,3.041
2024-07-04,0,gridMET_OpenET,4.196,gridMET_OpenET,4.218
2024-07-05,0,gridMET_OpenET,5.224,gridMET_OpenET,5.256
2024-07-06,0,gridMET_OpenET,6.363,gridMET_OpenET,6.407
2024-07-07,0,gridMET_OpenET,4.766,gridMET_OpenET,4.803
2024-07-08,0,gridMET_OpenET,5.035,gridMET_OpenET,5.079
2024-07-09,0,gridMET_OpenET,4.945,gridMET_OpenET,4.993
2024-07-10,0.625,gridMET_OpenET,5.564,gridMET_OpenET,5.622
2024-07-11,0,gridMET_OpenET,5.284,gridMET_OpenET,5.344
2024-07-12,0,gridMET_OpenET,6.141,gridMET_OpenET,6.209
2024-07-13,2.043,gridMET_OpenET,7.311,gridMET_OpenET,7.389
2024-07-14,0,gridMET_OpenET,7.491,gridMET_OpenET,7.569
2024-07-15,24.091,gridMET_OpenET,7.552,gridMET_OpenET,7.628
2024-07-16,2.214,gridMET_OpenET,4.557,gridMET_OpenET,4.602
2024-07-17,0,gridMET_OpenET,5.136,gridMET_OpenET,5.185
2024-07-18,0,gridMET_OpenET,5.024,gridMET_OpenET,5.071
2024-07-19,1.324,gridMET_OpenET,5.415,gridMET_OpenET,5.464
2024-07-20,15.504,gridMET_OpenET,2.357,gridMET_OpenET,2.377
2024-07-21,0,gridMET_OpenET,3.627,gridMET_OpenET,3.657
2024-07-22,0,gridMET_OpenET,4.346,gridMET_OpenET,4.382
2024-07-23,0,gridMET_OpenET,5.208,gridMET_OpenET,5.248
2024-07-24,0,gridMET_OpenET,5.584,gridMET_OpenET,5.626
2024-07-25,0,gridMET_OpenET,5.912,gridMET_OpenET,5.955
2024-07-26,0,gridMET_OpenET,6.021,gridMET_OpenET,6.063
2024-07-27,0,gridMET_OpenET,6.513,gridMET_OpenET,6.557
2024-07-28,0.885,gridMET_OpenET,6.461,gridMET_OpenET,6.49
2024-07-29,0,gridMET_OpenET,6.564,gridMET_OpenET,6.58
2024-07-30,0,gridMET_OpenET,8,gridMET_OpenET,8.001
2024-07-31,21.519,gridMET_OpenET,6.621,gridMET_OpenET,6.609
2024-08-01,0,gridMET_OpenET,5.499,gridMET_OpenET,5.477
2024-08-02,0,gridMET_OpenET,5.497,gridMET_OpenET,5.462
2024-08-03,0,gridMET_OpenET,4.735,gridMET_OpenET,4.695
2024-08-04,0,gridMET_OpenET,6.397,gridMET_OpenET,6.329
2024-08-05,0,gridMET_OpenET,7.053,gridMET_OpenET,6.955
2024-08-06,0,gridMET_OpenET,4.814,gridMET_OpenET,4.731
2024-08-07,22.154,gridMET_OpenET,5.513,gridMET_OpenET,5.4
2024-08-08,0.655,gridMET_OpenET,3.544,gridMET_OpenET,3.46
2024-08-09,0.382,gridMET_OpenET,2.708,gridMET_OpenET,2.635
2024-08-10,0,gridMET_OpenET,2.397,gridMET_OpenET,2.325
2024-08-11,2.618,gridMET_OpenET,3.159,gridMET_OpenET,3.053
2024-08-12,7.915,gridMET_OpenET,3.862,gridMET_OpenET,3.72
2024-08-13,8.339,gridMET_OpenET,4.037,gridMET_OpenET,3.875
2024-08-14,1.613,gridMET_OpenET,5.718,gridMET_OpenET,5.47
2024-08-15,0,gridMET_OpenET,4.424,gridMET_OpenET,4.218
2024-08-16,0,gridMET_OpenET,4.31,gridMET_OpenET,4.095
2024-08-17,0,gridMET_OpenET,4.684,gridMET_OpenET,4.435
2024-08-18,27.282,gridMET_OpenET,3.264,gridMET_OpenET,3.08
2024-08-19,0.202,gridMET_OpenET,4.337,gridMET_OpenET,4.078
2024-08-20,0,gridMET_OpenET,3.903,gridMET_OpenET,3.657
2024-08-21,0,gridMET_OpenET,4.658,gridMET_OpenET,4.349
2024-08-22,0,gridMET_OpenET,4.551,gridMET_OpenET,4.234
2024-08-23,0.802,gridMET_OpenET,4.678,gridMET_OpenET,4.337
2024-08-24,0,gridMET_OpenET,5.407,gridMET_OpenET,4.996
2024-08-25,0,gridMET_OpenET,6.808,gridMET_OpenET,6.268
2024-08-26,0,gridMET_OpenET,6.028,gridMET_OpenET,5.53
2024-08-27,5.696,gridMET_OpenET,4.25,gridMET_OpenET,3.885
2024-08-28,0,gridMET_OpenET,5.37,gridMET_OpenET,4.891
2024-08-29,19.04,gridMET_OpenET,6.055,gridMET_OpenET,5.518
2024-08-30,0,gridMET_OpenET,3.555,gridMET_OpenET,3.241
2024-08-31,0,gridMET_OpenET,3.992,gridMET_OpenET,3.642
2024-09-01,0,gridMET_OpenET,4.467,gridMET_OpenET,4.077
2024-09-02,0,gridMET_OpenET,4.253,gridMET_OpenET,3.884
2024-09-03,0,gridMET_OpenET,4.555,gridMET_OpenET,4.162
2024-09-04,0,gridMET_OpenET,4.882,gridMET_OpenET,4.463
2024-09-05,0,gridMET_OpenET,4.347,gridMET_OpenET,3.976
2024-09-06,0,gridMET_OpenET,4.179,gridMET_OpenET,3.756
2024-09-07,0,gridMET_OpenET,3.793,gridMET_OpenET,3.349
2024-09-08,0,gridMET_OpenET,4.552,gridMET_OpenET,3.948
2024-09-09,0,gridMET_OpenET,6.023,gridMET_OpenET,5.129
2024-09-10,0,gridMET_OpenET,6.201,gridMET_OpenET,5.183
2024-09-11,0,gridMET_OpenET,5.566,gridMET_OpenET,4.564
2024-09-12,0,gridMET_OpenET,4.797,gridMET_OpenET,3.858
2024-09-13,0,gridMET_OpenET,4.695,gridMET_OpenET,3.701
2024-09-14,0,gridMET_OpenET,3.991,gridMET_OpenET,3.146
2024-09-15,0,gridMET_OpenET,5.219,gridMET_OpenET,4.115
2024-09-16,0,gridMET_OpenET,4.759,gridMET_OpenET,3.752
2024-09-17,0.24,gridMET_OpenET,4.938,gridMET_OpenET,3.893
2024-09-18,0.779,gridMET_OpenET,4.899,gridMET_OpenET,3.863
2024-09-19,0,gridMET_OpenET,5.135,gridMET_OpenET,4.048
2024-09-20,8.143,gridMET_OpenET,5.061,gridMET_OpenET,3.99
2024-09-21,4.553,gridMET_OpenET,3.203,gridMET_OpenET,2.525
2024-09-22,3.098,gridMET_OpenET,1.219,gridMET_OpenET,0.961
2024-09-23,0,gridMET_OpenET,1.844,gridMET_OpenET,1.454
2024-09-24,2.946,gridMET_OpenET,2.335,gridMET_OpenET,1.841
2024-09-25,0,gridMET_OpenET,3.495,gridMET_OpenET,2.755
2024-09-26,0,gridMET_OpenET,3.206,gridMET_OpenET,2.528
2024-09-27,0,gridMET_OpenET,3.336,gridMET_OpenET,2.63
2024-09-28,0,gridMET_OpenET,3.747,gridMET_OpenET,2.955
2024-09-29,0,gridMET_OpenET,8.716,gridMET_OpenET,6.872
2024-09-30,0,gridMET_OpenET,4.02,gridMET_OpenET,3.17
2024-10-01,0,gridMET_OpenET,3.907,gridMET_OpenET,3.08
2024-10-02,0,gridMET_OpenET,4.963,gridMET_OpenET,3.913
2024-10-03,0,gridMET_OpenET,4.82,gridMET_OpenET,3.8
2024-10-04,0,gridMET_OpenET,3.545,gridMET_OpenET,2.795
2024-10-05,0,gridMET_OpenET,6.299,gridMET_OpenET,4.966
2024-10-06,0,gridMET_OpenET,4.115,gridMET_OpenET,3.245
2024-10-07,0,gridMET_OpenET,3.132,gridMET_OpenET,2.469
2024-10-08,0,gridMET_OpenET,3.838,gridMET_OpenET,3.026
2024-10-09,0,gridMET_OpenET,4.372,gridMET_OpenET,3.447
2024-10-10,3.628,gridMET_OpenET,4.831,gridMET_OpenET,3.809
2024-10-11,0,gridMET_OpenET,4.151,gridMET_OpenET,3.273
2024-10-12,0,gridMET_OpenET,4.297,gridMET_OpenET,3.388
2024-10-13,0,gridMET_OpenET,4.297,gridMET_OpenET,3.388
2024-10-14,0,gridMET_OpenET,4.297,gridMET_OpenET,3.388
2024-10-15,0,gridMET_OpenET,4.297,gridMET_OpenET,3.388
